date,block,block_start,direction,count,max_price,p10,p25,p50,p75,p90,total_volume
2026-01-01,0,00:00,down,18,0.18,0.12,0.14,0.15,0.16,0.17,131.0
2026-01-01,0,00:00,up,37,16.45,1.14,1.30,1.37,1.70,8.53,150.0
2026-01-01,1,04:00,down,12,0.17,0.13,0.13,0.15,0.15,0.16,78.0
2026-01-01,1,04:00,up,29,6.00,1.26,1.30,1.39,1.52,1.68,97.0
2026-01-01,2,08:00,down,15,0.13,0.10,0.10,0.11,0.12,0.13,100.0
2026-01-01,2,08:00,up,33,10.33,3.00,3.20,3.47,3.55,4.92,108.0
2026-01-01,3,12:00,down,12,0.12,0.09,0.09,0.11,0.11,0.11,87.0
2026-01-01,3,12:00,up,31,4.11,2.05,2.17,2.30,2.36,2.69,108.0
2026-01-01,4,16:00,down,14,0.15,0.12,0.12,0.12,0.13,0.14,95.0
2026-01-01,4,16:00,up,30,6.17,3.46,4.46,4.56,4.65,5.20,105.0
2026-01-01,5,20:00,down,14,0.14,0.10,0.11,0.12,0.13,0.14,93.0
2026-01-01,5,20:00,up,29,6.00,1.91,2.11,2.19,2.50,2.98,92.0
2026-01-02,0,00:00,down,18,0.17,0.10,0.11,0.14,0.15,0.16,128.0
2026-01-02,0,00:00,up,29,5.12,1.35,1.98,2.16,4.21,4.75,90.0
2026-01-02,1,04:00,down,15,0.15,0.10,0.11,0.12,0.13,0.15,77.0
2026-01-02,1,04:00,up,29,4.00,1.58,1.76,1.90,1.99,2.06,87.0
2026-01-02,2,08:00,down,16,0.12,0.09,0.10,0.10,0.11,0.11,78.0
2026-01-02,2,08:00,up,30,8.00,3.44,3.60,4.04,5.56,5.93,99.0
2026-01-02,3,12:00,down,9,0.11,0.08,0.09,0.09,0.10,0.11,80.0
2026-01-02,3,12:00,up,31,3.20,2.15,2.28,2.57,2.75,2.90,109.0
2026-01-02,4,16:00,down,12,0.12,0.10,0.11,0.11,0.11,0.12,59.0
2026-01-02,4,16:00,up,31,6.90,4.20,4.46,4.80,4.96,5.27,114.0
2026-01-02,5,20:00,down,7,0.12,0.10,0.10,0.10,0.11,0.12,39.0
2026-01-02,5,20:00,up,29,3.40,2.01,2.15,2.42,2.61,2.73,91.0
2026-01-03,0,00:00,down,18,0.13,0.10,0.10,0.11,0.12,0.13,112.0
2026-01-03,0,00:00,up,29,3.68,2.20,2.42,2.66,2.88,3.18,94.0
2026-01-03,1,04:00,down,17,0.13,0.09,0.10,0.11,0.11,0.12,103.0
2026-01-03,1,04:00,up,31,3.15,1.69,1.73,2.20,2.43,2.67,105.0
2026-01-03,2,08:00,down,16,0.10,0.08,0.09,0.09,0.10,0.10,73.0
2026-01-03,2,08:00,up,29,5.86,4.00,4.25,4.50,4.71,5.41,96.0
2026-01-03,3,12:00,down,14,0.10,0.07,0.08,0.08,0.09,0.09,102.0
2026-01-03,3,12:00,up,33,3.20,2.30,2.39,2.54,2.70,2.86,117.0
2026-01-03,4,16:00,down,15,0.10,0.08,0.09,0.10,0.10,0.10,101.0
2026-01-03,4,16:00,up,29,5.75,4.34,4.53,4.90,5.08,5.59,103.0
2026-01-03,5,20:00,down,4,0.09,0.08,0.08,0.08,0.09,0.09,14.0
2026-01-03,5,20:00,up,34,3.50,2.20,2.29,2.79,3.32,3.42,118.0
2026-01-04,0,00:00,down,19,0.10,0.08,0.08,0.09,0.10,0.10,144.0
2026-01-04,0,00:00,up,27,3.14,2.31,2.49,2.73,2.87,2.95,98.0
2026-01-04,1,04:00,down,2,0.09,0.07,0.08,0.08,0.08,0.09,8.0
2026-01-04,1,04:00,up,26,2.60,1.85,2.00,2.17,2.39,2.49,96.0
2026-01-04,2,08:00,down,20,0.10,0.07,0.07,0.08,0.08,0.10,87.0
2026-01-04,2,08:00,up,22,4.62,4.00,4.18,4.31,4.45,4.51,86.0
2026-01-04,3,12:00,down,6,0.09,0.06,0.06,0.07,0.08,0.08,39.0
2026-01-04,3,12:00,up,27,2.70,2.20,2.24,2.38,2.53,2.64,98.0
2026-01-04,4,16:00,down,8,0.10,0.07,0.08,0.08,0.08,0.09,56.0
2026-01-04,4,16:00,up,27,5.82,4.38,4.57,4.68,4.84,5.07,104.0
2026-01-04,5,20:00,down,9,0.10,0.06,0.06,0.07,0.09,0.10,71.0
2026-01-04,5,20:00,up,26,2.96,2.39,2.63,2.74,2.81,2.89,96.0
2026-01-05,0,00:00,down,23,0.10,0.07,0.07,0.07,0.09,0.09,141.0
2026-01-05,0,00:00,up,28,3.41,2.50,2.61,2.81,3.01,3.22,103.0
2026-01-05,1,04:00,down,2,0.10,0.10,0.10,0.10,0.10,0.10,37.0
2026-01-05,1,04:00,up,29,12.61,2.09,2.15,2.32,2.45,3.04,104.0
2026-01-05,2,08:00,down,15,0.09,0.05,0.06,0.07,0.08,0.09,92.0
2026-01-05,2,08:00,up,30,19.78,4.10,4.27,4.52,5.54,6.00,106.0
2026-01-05,3,12:00,down,8,0.08,0.05,0.05,0.07,0.07,0.08,65.0
2026-01-05,3,12:00,up,29,5.95,2.10,2.33,2.46,3.39,3.82,105.0
2026-01-05,4,16:00,down,9,0.09,0.06,0.06,0.07,0.08,0.08,61.0
2026-01-05,4,16:00,up,31,60.00,4.50,4.67,5.64,6.73,19.28,114.0
2026-01-05,5,20:00,down,9,0.07,0.05,0.05,0.06,0.07,0.07,46.0
2026-01-05,5,20:00,up,29,4.48,2.40,2.61,2.74,2.85,3.66,106.0
2026-01-06,0,00:00,down,24,0.09,0.05,0.07,0.07,0.08,0.08,137.0
2026-01-06,0,00:00,up,25,3.29,2.70,2.79,2.89,2.99,3.06,84.0
2026-01-06,1,04:00,down,2,0.08,0.07,0.07,0.08,0.08,0.08,3.0
2026-01-06,1,04:00,up,28,9.90,2.30,2.64,3.17,3.49,8.34,90.0
2026-01-06,2,08:00,down,9,0.07,0.05,0.06,0.06,0.07,0.07,46.0
2026-01-06,2,08:00,up,29,21.35,5.10,5.70,8.25,10.00,15.06,94.0
2026-01-06,3,12:00,down,5,0.09,0.06,0.06,0.06,0.07,0.08,35.0
2026-01-06,3,12:00,up,31,8.00,2.46,2.95,4.00,4.87,5.65,94.0
2026-01-06,4,16:00,down,3,0.09,0.07,0.07,0.07,0.08,0.09,5.0
2026-01-06,4,16:00,up,24,33.15,6.89,11.07,17.20,20.00,30.70,75.0
2026-01-06,5,20:00,down,9,0.09,0.05,0.05,0.06,0.06,0.07,80.0
2026-01-06,5,20:00,up,29,5.75,2.69,2.89,3.20,3.87,4.40,92.0
2026-01-07,0,00:00,down,17,0.07,0.04,0.05,0.06,0.06,0.07,136.0
2026-01-07,0,00:00,up,9,2.73,2.28,2.40,2.60,2.67,2.70,44.0
2026-01-07,1,04:00,down,1,0.07,0.07,0.07,0.07,0.07,0.07,1.0
2026-01-07,1,04:00,up,31,6.95,3.21,3.67,4.56,4.95,6.51,119.0
2026-01-07,2,08:00,down,2,0.07,0.05,0.06,0.06,0.07,0.07,14.0
2026-01-07,2,08:00,up,27,15.42,7.76,9.36,11.00,12.45,13.38,90.0
2026-01-07,3,12:00,down,2,0.07,0.05,0.06,0.06,0.07,0.07,8.0
2026-01-07,3,12:00,up,28,7.60,3.99,4.08,5.79,6.41,6.75,115.0
2026-01-07,4,16:00,down,3,0.06,0.06,0.06,0.06,0.06,0.06,18.0
2026-01-07,4,16:00,up,28,22.42,13.48,15.17,18.00,19.22,19.75,91.0
2026-01-07,5,20:00,down,7,0.06,0.05,0.05,0.05,0.05,0.05,44.0
2026-01-07,5,20:00,up,25,4.42,3.10,3.33,3.90,4.08,4.13,92.0
2026-01-08,0,00:00,down,19,0.07,0.04,0.04,0.05,0.06,0.06,139.0
2026-01-08,0,00:00,up,25,2.66,2.22,2.37,2.44,2.55,2.61,100.0
2026-01-08,1,04:00,down,3,0.06,0.05,0.05,0.05,0.06,0.06,18.0
2026-01-08,1,04:00,up,30,6.90,4.30,4.49,4.69,5.39,6.42,104.0
2026-01-08,2,08:00,down,7,0.06,0.04,0.04,0.05,0.06,0.06,53.0
2026-01-08,2,08:00,up,30,32.70,9.72,10.95,12.77,14.37,15.32,94.0
2026-01-08,3,12:00,down,4,0.06,0.03,0.04,0.04,0.05,0.06,10.0
2026-01-08,3,12:00,up,33,44.84,4.92,5.45,6.69,7.87,27.86,106.0
2026-01-08,4,16:00,down,2,0.05,0.05,0.05,0.05,0.05,0.05,27.0
2026-01-08,4,16:00,up,31,40.71,15.50,16.59,18.50,26.08,27.00,97.0
2026-01-08,5,20:00,down,4,0.04,0.03,0.04,0.04,0.04,0.04,41.0
2026-01-08,5,20:00,up,30,5.01,3.36,3.50,3.92,4.12,4.40,101.0
2026-01-09,0,00:00,down,16,0.05,0.03,0.03,0.04,0.04,0.04,116.0
2026-01-09,0,00:00,up,32,4.12,1.64,1.77,2.29,2.41,2.55,133.0
2026-01-09,1,04:00,down,2,0.04,0.04,0.04,0.04,0.04,0.04,16.0
2026-01-09,1,04:00,up,25,5.40,4.45,4.55,4.74,5.00,5.10,95.0
2026-01-09,2,08:00,down,6,0.04,0.04,0.04,0.04,0.04,0.04,14.0
2026-01-09,2,08:00,up,18,14.00,7.30,8.20,9.31,12.00,13.37,66.0
2026-01-09,3,12:00,down,3,0.04,0.03,0.04,0.04,0.04,0.04,9.0
2026-01-09,3,12:00,up,22,15.98,6.89,7.22,7.80,9.53,12.57,84.0
2026-01-09,4,16:00,down,3,0.04,0.03,0.04,0.04,0.04,0.04,21.0
2026-01-09,4,16:00,up,16,20.19,16.06,16.48,17.21,19.80,20.00,69.0
2026-01-09,5,20:00,down,3,0.04,0.03,0.04,0.04,0.04,0.04,21.0
2026-01-09,5,20:00,up,30,4.75,2.95,3.14,3.68,3.93,4.41,122.0
2026-01-10,0,00:00,down,16,0.04,0.02,0.03,0.03,0.03,0.04,132.0
2026-01-10,0,00:00,up,29,2.70,1.91,2.00,2.28,2.41,2.52,107.0
2026-01-10,1,04:00,down,1,0.03,0.03,0.03,0.03,0.03,0.03,1.0
2026-01-10,1,04:00,up,11,4.35,3.71,3.95,4.00,4.16,4.30,46.0
2026-01-10,2,08:00,down,6,0.04,0.04,0.04,0.04,0.04,0.04,26.0
2026-01-10,2,08:00,up,13,9.04,6.54,7.02,8.00,8.45,8.97,44.0
2026-01-10,3,12:00,down,1,0.04,0.04,0.04,0.04,0.04,0.04,1.0
2026-01-10,3,12:00,up,24,9.47,6.30,6.50,7.52,9.00,9.25,76.0
2026-01-10,4,16:00,down,1,0.04,0.04,0.04,0.04,0.04,0.04,25.0
2026-01-10,4,16:00,up,20,16.84,12.55,13.79,15.00,15.82,16.52,67.0
2026-01-10,5,20:00,down,7,0.04,0.03,0.03,0.03,0.04,0.04,35.0
2026-01-10,5,20:00,up,31,4.42,3.00,3.25,3.55,3.79,4.10,106.0
2026-01-11,0,00:00,down,16,0.03,0.02,0.02,0.03,0.03,0.03,116.0
2026-01-11,0,00:00,up,29,2.42,1.87,2.00,2.10,2.20,2.29,105.0
2026-01-11,1,04:00,down,4,0.04,0.02,0.03,0.03,0.03,0.04,35.0
2026-01-11,1,04:00,up,25,4.00,2.96,3.02,3.50,3.66,3.87,96.0
2026-01-11,2,08:00,down,2,0.03,0.01,0.01,0.02,0.02,0.03,10.0
2026-01-11,2,08:00,up,15,6.49,6.00,6.23,6.34,6.44,6.48,46.0
2026-01-11,3,12:00,down,1,0.03,0.03,0.03,0.03,0.03,0.03,1.0
2026-01-11,3,12:00,up,18,6.50,5.79,6.29,6.38,6.42,6.50,57.0
2026-01-11,4,16:00,down,3,0.04,0.04,0.04,0.04,0.04,0.04,34.0
2026-01-11,4,16:00,up,19,12.73,11.28,11.43,11.53,11.65,12.14,73.0
2026-01-11,5,20:00,down,1,0.01,0.01,0.01,0.01,0.01,0.01,2.0
2026-01-11,5,20:00,up,13,3.29,2.80,3.00,3.09,3.20,3.28,53.0
2026-01-12,0,00:00,down,18,0.03,0.01,0.01,0.02,0.02,0.03,119.0
2026-01-12,0,00:00,up,31,2.64,1.95,2.02,2.15,2.26,2.39,108.0
2026-01-12,1,04:00,up,16,4.00,3.15,3.20,3.50,3.64,3.97,53.0
2026-01-12,2,08:00,down,2,0.02,0.01,0.01,0.01,0.02,0.02,11.0
2026-01-12,2,08:00,up,27,10.33,6.03,6.20,8.00,9.79,9.96,90.0
2026-01-12,3,12:00,down,2,0.03,0.02,0.02,0.03,0.03,0.03,2.0
2026-01-12,3,12:00,up,24,9.50,5.89,6.18,7.28,9.22,9.38,85.0
2026-01-12,4,16:00,down,3,0.03,0.01,0.01,0.02,0.03,0.03,11.0
2026-01-12,4,16:00,up,16,15.07,10.95,11.04,11.45,12.81,14.09,45.0
2026-01-12,5,20:00,down,3,0.01,0.01,0.01,0.01,0.01,0.01,14.0
2026-01-12,5,20:00,up,31,4.50,2.99,3.00,3.29,4.26,4.42,107.0
2026-01-13,0,00:00,down,18,0.02,0.01,0.01,0.02,0.02,0.02,118.0
2026-01-13,0,00:00,up,31,2.44,1.98,2.12,2.25,2.29,2.34,117.0
2026-01-13,1,04:00,down,4,0.03,0.02,0.02,0.03,0.03,0.03,35.0
2026-01-13,1,04:00,up,34,5.17,3.20,3.50,3.79,3.97,4.40,109.0
2026-01-13,2,08:00,down,1,0.02,0.02,0.02,0.02,0.02,0.02,1.0
2026-01-13,2,08:00,up,31,29.65,6.30,8.15,8.91,9.43,12.81,105.0
2026-01-13,3,12:00,down,4,0.03,0.01,0.02,0.03,0.03,0.03,34.0
2026-01-13,3,12:00,up,28,14.95,6.79,7.59,8.32,8.64,9.02,103.0
2026-01-13,4,16:00,down,1,0.02,0.02,0.02,0.02,0.02,0.02,2.0
2026-01-13,4,16:00,up,22,16.53,11.36,11.98,14.11,15.75,16.20,78.0
2026-01-13,5,20:00,down,3,0.02,0.01,0.01,0.02,0.02,0.02,9.0
2026-01-13,5,20:00,up,30,4.12,3.00,3.31,3.48,3.75,3.96,98.0
2026-01-14,0,00:00,down,14,0.02,0.01,0.01,0.01,0.02,0.02,118.0
2026-01-14,0,00:00,up,22,2.20,2.00,2.01,2.06,2.11,2.16,84.0
2026-01-14,1,04:00,down,5,0.02,0.01,0.02,0.02,0.02,0.02,53.0
2026-01-14,1,04:00,up,33,19.25,3.54,3.82,3.92,4.49,5.02,108.0
2026-01-14,2,08:00,down,4,0.02,0.01,0.01,0.01,0.02,0.02,36.0
2026-01-14,2,08:00,up,20,13.00,8.95,9.62,10.64,11.22,11.59,74.0
2026-01-14,3,12:00,down,6,0.02,0.01,0.02,0.02,0.02,0.02,51.0
2026-01-14,3,12:00,up,30,14.89,8.00,8.48,9.38,10.31,12.96,105.0
2026-01-14,4,16:00,down,4,0.02,0.01,0.01,0.01,0.02,0.02,48.0
2026-01-14,4,16:00,up,35,78.41,12.81,14.00,17.84,35.45,59.55,143.0
2026-01-14,5,20:00,down,3,0.02,0.01,0.01,0.02,0.02,0.02,15.0
2026-01-14,5,20:00,up,35,4.72,3.36,3.48,3.68,3.88,4.00,116.0
2026-01-15,0,00:00,down,14,0.01,0.01,0.01,0.01,0.01,0.01,124.0
2026-01-15,0,00:00,up,23,2.03,1.61,1.83,2.00,2.00,2.00,83.0
2026-01-15,1,04:00,down,5,0.02,0.01,0.01,0.02,0.02,0.02,41.0
2026-01-15,1,04:00,up,33,8.95,3.68,4.09,4.52,7.09,7.68,106.0
2026-01-15,2,08:00,down,1,0.01,0.01,0.01,0.01,0.01,0.01,1.0
2026-01-15,2,08:00,up,22,11.08,8.32,9.12,10.13,10.80,11.00,75.0
2026-01-15,3,12:00,down,2,0.01,0.01,0.01,0.01,0.01,0.01,2.0
2026-01-15,3,12:00,up,22,10.58,8.05,9.05,9.64,10.19,10.33,74.0
2026-01-15,4,16:00,up,22,28.83,16.49,19.07,20.00,21.41,23.80,78.0
2026-01-15,5,20:00,up,35,4.53,3.32,3.50,3.63,3.77,3.88,114.0
2026-01-16,0,00:00,down,12,0.01,0.01,0.01,0.01,0.01,0.01,128.0
2026-01-16,0,00:00,up,21,1.79,1.35,1.58,1.70,1.74,1.76,87.0
2026-01-16,1,04:00,down,3,0.01,0.01,0.01,0.01,0.01,0.01,21.0
2026-01-16,1,04:00,up,30,7.19,4.00,4.85,5.12,5.58,6.52,105.0
2026-01-16,2,08:00,down,5,0.01,0.01,0.01,0.01,0.01,0.01,29.0
2026-01-16,2,08:00,up,22,9.17,7.50,7.61,8.82,8.98,9.00,81.0
2026-01-16,3,12:00,down,2,0.01,0.01,0.01,0.01,0.01,0.01,19.0
2026-01-16,3,12:00,up,26,9.15,7.00,7.46,8.25,8.54,8.80,98.0
2026-01-16,4,16:00,down,4,0.01,0.01,0.01,0.01,0.01,0.01,22.0
2026-01-16,4,16:00,up,31,25.01,15.00,15.74,18.14,19.57,21.00,107.0
2026-01-16,5,20:00,down,2,0.01,0.01,0.01,0.01,0.01,0.01,25.0
2026-01-16,5,20:00,up,32,4.27,3.00,3.38,3.48,3.59,3.73,111.0
2026-01-17,0,00:00,down,13,0.01,0.01,0.01,0.01,0.01,0.01,119.0
2026-01-17,0,00:00,up,34,2.25,1.32,1.45,1.55,1.59,1.65,118.0
2026-01-17,1,04:00,down,2,0.01,0.01,0.01,0.01,0.01,0.01,19.0
2026-01-17,1,04:00,up,23,5.11,3.94,4.23,4.71,5.01,5.08,69.0
2026-01-17,2,08:00,down,1,0.01,0.01,0.01,0.01,0.01,0.01,25.0
2026-01-17,2,08:00,up,14,7.27,6.01,6.51,6.75,7.13,7.22,47.0
2026-01-17,3,12:00,up,22,7.36,5.63,6.55,6.93,7.09,7.24,71.0
2026-01-17,4,16:00,down,5,0.02,0.01,0.01,0.02,0.02,0.02,13.0
2026-01-17,4,16:00,up,26,17.60,12.82,14.03,15.00,16.55,17.43,74.0
2026-01-17,5,20:00,down,2,0.01,0.01,0.01,0.01,0.01,0.01,31.0
2026-01-17,5,20:00,up,32,3.92,2.84,3.11,3.25,3.41,3.50,111.0
2026-01-18,0,00:00,down,16,0.01,0.01,0.01,0.01,0.01,0.01,144.0
2026-01-18,0,00:00,up,33,2.20,1.35,1.45,1.60,1.67,1.87,140.0
2026-01-18,1,04:00,up,17,3.94,3.60,3.63,3.67,3.80,3.92,68.0
2026-01-18,2,08:00,down,1,0.01,0.01,0.01,0.01,0.01,0.01,30.0
2026-01-18,2,08:00,up,18,5.76,4.75,5.25,5.39,5.56,5.64,78.0
2026-01-18,3,12:00,up,17,6.16,4.81,4.85,4.90,5.40,5.85,69.0
2026-01-18,4,16:00,up,11,12.86,11.50,12.00,12.20,12.56,12.79,44.0
2026-01-18,5,20:00,up,23,3.27,2.76,2.98,3.15,3.21,3.26,74.0
2026-01-19,0,00:00,down,15,0.01,0.01,0.01,0.01,0.01,0.01,139.0
2026-01-19,0,00:00,up,30,2.33,1.30,1.58,1.86,2.14,2.20,114.0
2026-01-19,1,04:00,down,1,0.01,0.01,0.01,0.01,0.01,0.01,25.0
2026-01-19,1,04:00,up,41,60.00,3.65,3.89,4.23,17.42,39.03,182.0
2026-01-19,2,08:00,down,1,0.01,0.01,0.01,0.01,0.01,0.01,4.0
2026-01-19,2,08:00,up,28,7.00,4.70,5.00,5.72,6.35,6.71,101.0
2026-01-19,3,12:00,down,3,0.01,0.01,0.01,0.01,0.01,0.01,10.0
2026-01-19,3,12:00,up,25,6.77,4.64,5.03,5.35,5.66,5.93,98.0
2026-01-19,4,16:00,up,33,32.87,11.75,12.45,13.50,14.39,15.80,113.0
2026-01-19,5,20:00,down,2,0.01,0.01,0.01,0.01,0.01,0.01,8.0
2026-01-19,5,20:00,up,28,3.53,2.93,2.98,3.09,3.20,3.35,108.0
2026-01-20,0,00:00,down,15,0.01,0.01,0.01,0.01,0.01,0.01,140.0
2026-01-20,0,00:00,up,34,3.50,1.67,1.82,2.00,2.82,3.38,134.0
2026-01-20,1,04:00,down,2,0.01,0.01,0.01,0.01,0.01,0.01,8.0
2026-01-20,1,04:00,up,24,25.00,4.25,11.21,13.83,16.54,20.00,86.0
2026-01-20,2,08:00,down,3,0.01,0.01,0.01,0.01,0.01,0.01,4.0
2026-01-20,2,08:00,up,36,34.58,6.26,6.79,10.93,14.32,16.45,123.0
2026-01-20,3,12:00,down,2,0.01,0.01,0.01,0.01,0.01,0.01,14.0
2026-01-20,3,12:00,up,33,10.49,4.19,5.00,5.57,7.09,7.73,120.0
2026-01-20,4,16:00,down,4,0.01,0.01,0.01,0.01,0.01,0.01,19.0
2026-01-20,4,16:00,up,36,38.85,13.04,14.00,20.96,29.19,31.07,120.0
2026-01-20,5,20:00,down,2,0.01,0.01,0.01,0.01,0.01,0.01,16.0
2026-01-20,5,20:00,up,33,5.20,2.59,3.04,3.20,4.50,5.05,121.0
2026-01-21,0,00:00,down,15,0.01,0.01,0.01,0.01,0.01,0.01,132.0
2026-01-21,0,00:00,up,32,2.90,2.00,2.20,2.58,2.79,2.86,124.0
2026-01-21,1,04:00,down,1,0.01,0.01,0.01,0.01,0.01,0.01,1.0
2026-01-21,1,04:00,up,20,13.00,9.82,11.00,12.12,12.87,13.00,75.0
2026-01-21,2,08:00,up,35,20.21,10.49,12.41,14.70,16.34,18.43,120.0
2026-01-21,3,12:00,down,3,0.01,0.01,0.01,0.01,0.01,0.01,5.0
2026-01-21,3,12:00,up,38,9.18,5.00,5.92,6.75,7.81,8.22,136.0
2026-01-21,4,16:00,up,36,30.89,18.00,20.75,24.77,26.57,28.00,126.0
2026-01-21,5,20:00,down,4,0.01,0.01,0.01,0.01,0.01,0.01,23.0
2026-01-21,5,20:00,up,36,5.20,2.96,3.48,3.99,4.88,5.06,134.0
2026-01-22,0,00:00,down,14,0.01,0.01,0.01,0.01,0.01,0.01,130.0
2026-01-22,0,00:00,up,37,2.76,1.94,2.26,2.33,2.46,2.53,138.0
2026-01-22,1,04:00,down,4,0.01,0.01,0.01,0.01,0.01,0.01,37.0
2026-01-22,1,04:00,up,11,10.00,8.99,9.25,9.72,9.84,9.93,46.0
2026-01-22,2,08:00,down,3,0.01,0.01,0.01,0.01,0.01,0.01,13.0
2026-01-22,2,08:00,up,24,15.51,12.01,13.15,14.05,15.02,15.32,76.0
2026-01-22,3,12:00,down,1,0.01,0.01,0.01,0.01,0.01,0.01,2.0
2026-01-22,3,12:00,up,28,7.54,5.18,5.87,6.36,7.02,7.44,92.0
2026-01-22,4,16:00,down,3,0.01,0.01,0.01,0.01,0.01,0.01,25.0
2026-01-22,4,16:00,up,14,20.74,16.17,18.25,19.91,20.32,20.49,61.0
2026-01-22,5,20:00,down,5,0.01,0.01,0.01,0.01,0.01,0.01,32.0
2026-01-22,5,20:00,up,35,4.52,3.37,3.72,4.10,4.31,4.46,122.0
2026-01-23,0,00:00,down,10,0.01,0.01,0.01,0.01,0.01,0.01,112.0
2026-01-23,0,00:00,up,32,2.48,1.91,2.03,2.30,2.35,2.41,124.0
2026-01-23,1,04:00,down,5,0.01,0.01,0.01,0.01,0.01,0.01,12.0
2026-01-23,1,04:00,up,12,8.01,7.00,7.38,7.89,8.00,8.00,48.0
2026-01-23,2,08:00,down,3,0.01,0.01,0.01,0.01,0.01,0.01,10.0
2026-01-23,2,08:00,up,17,12.26,11.00,11.50,11.95,12.00,12.18,55.0
2026-01-23,3,12:00,down,1,0.01,0.01,0.01,0.01,0.01,0.01,2.0
2026-01-23,3,12:00,up,28,6.20,4.98,5.28,5.96,6.06,6.18,91.0
2026-01-23,4,16:00,down,3,0.01,0.01,0.01,0.01,0.01,0.01,14.0
2026-01-23,4,16:00,up,5,15.48,12.00,12.00,14.61,15.00,15.29,23.0
2026-01-23,5,20:00,down,6,0.06,0.01,0.01,0.01,0.03,0.05,25.0
2026-01-23,5,20:00,up,15,3.80,3.00,3.08,3.57,3.64,3.69,50.0
2026-01-24,0,00:00,down,12,0.01,0.01,0.01,0.01,0.01,0.01,123.0
2026-01-24,0,00:00,up,36,2.62,1.65,1.80,2.04,2.18,2.27,128.0
2026-01-24,1,04:00,down,1,0.01,0.01,0.01,0.01,0.01,0.01,10.0
2026-01-24,1,04:00,up,6,5.90,5.00,5.00,5.40,5.80,5.85,21.0
2026-01-24,2,08:00,down,4,0.01,0.01,0.01,0.01,0.01,0.01,30.0
2026-01-24,2,08:00,up,13,9.45,7.00,7.89,8.90,9.29,9.40,45.0
2026-01-24,3,12:00,down,3,0.01,0.01,0.01,0.01,0.01,0.01,16.0
2026-01-24,3,12:00,up,21,4.80,3.90,4.20,4.40,4.54,4.74,70.0
2026-01-24,4,16:00,down,1,0.01,0.01,0.01,0.01,0.01,0.01,4.0
2026-01-24,4,16:00,up,24,12.38,10.01,11.42,11.97,12.13,12.26,88.0
2026-01-24,5,20:00,down,3,0.04,0.01,0.01,0.02,0.03,0.04,8.0
2026-01-24,5,20:00,up,33,3.75,2.95,3.00,3.28,3.43,3.52,107.0
2026-01-25,0,00:00,down,12,0.01,0.01,0.01,0.01,0.01,0.01,120.0
2026-01-25,0,00:00,up,32,2.29,1.60,1.82,1.98,2.05,2.15,125.0
2026-01-25,1,04:00,down,2,0.01,0.01,0.01,0.01,0.01,0.01,14.0
2026-01-25,1,04:00,up,22,4.26,3.71,3.82,3.98,4.09,4.20,96.0
2026-01-25,2,08:00,down,5,0.01,0.01,0.01,0.01,0.01,0.01,20.0
2026-01-25,2,08:00,up,16,6.32,5.70,5.82,5.85,5.88,5.95,62.0
2026-01-25,3,12:00,up,23,3.78,3.00,3.02,3.07,3.43,3.63,87.0
2026-01-25,4,16:00,down,2,0.01,0.01,0.01,0.01,0.01,0.01,3.0
2026-01-25,4,16:00,up,20,9.82,7.69,8.77,9.43,9.55,9.67,79.0
2026-01-25,5,20:00,up,30,3.21,2.80,2.90,2.93,3.00,3.12,106.0
2026-01-26,0,00:00,down,13,0.01,0.01,0.01,0.01,0.01,0.01,140.0
2026-01-26,0,00:00,up,34,2.89,1.58,1.98,2.16,2.70,2.79,117.0
2026-01-26,1,04:00,down,2,0.01,0.01,0.01,0.01,0.01,0.01,3.0
2026-01-26,1,04:00,up,34,23.00,3.99,4.10,5.15,11.35,12.92,107.0
2026-01-26,2,08:00,up,35,65.65,5.69,6.00,7.63,12.94,37.10,136.0
2026-01-26,3,12:00,down,4,0.01,0.01,0.01,0.01,0.01,0.01,23.0
2026-01-26,3,12:00,up,32,8.00,3.13,3.36,3.76,7.12,7.49,103.0
2026-01-26,4,16:00,up,33,65.00,9.00,9.24,11.69,26.71,29.33,123.0
2026-01-26,5,20:00,down,1,0.01,0.01,0.01,0.01,0.01,0.01,20.0
2026-01-26,5,20:00,up,30,5.00,2.89,3.02,3.25,4.30,4.56,100.0
2026-01-27,0,00:00,down,17,0.15,0.01,0.01,0.01,0.01,0.06,156.0
2026-01-27,0,00:00,up,38,3.30,1.96,2.20,2.43,3.11,3.23,132.0
2026-01-27,1,04:00,down,3,0.01,0.01,0.01,0.01,0.01,0.01,30.0
2026-01-27,1,04:00,up,35,27.61,8.00,9.90,12.06,13.00,18.19,110.0
2026-01-27,2,08:00,down,2,0.01,0.01,0.01,0.01,0.01,0.01,31.0
2026-01-27,2,08:00,up,34,53.81,11.85,16.12,19.74,27.94,46.26,107.0
2026-01-27,3,12:00,down,1,0.01,0.01,0.01,0.01,0.01,0.01,2.0
2026-01-27,3,12:00,up,32,14.30,4.08,5.01,6.94,8.37,9.13,110.0
2026-01-27,4,16:00,down,2,0.01,0.01,0.01,0.01,0.01,0.01,13.0
2026-01-27,4,16:00,up,29,35.00,17.76,22.80,27.08,28.65,29.35,99.0
2026-01-27,5,20:00,down,1,0.04,0.04,0.04,0.04,0.04,0.04,4.0
2026-01-27,5,20:00,up,31,5.00,3.15,3.56,4.00,4.41,4.71,110.0
2026-01-28,0,00:00,down,18,0.15,0.01,0.01,0.01,0.07,0.11,158.0
2026-01-28,0,00:00,up,44,13.78,2.15,2.49,2.71,2.85,2.94,160.0
2026-01-28,1,04:00,down,6,0.08,0.01,0.01,0.01,0.03,0.06,48.0
2026-01-28,1,04:00,up,28,16.53,10.30,11.97,12.98,13.77,14.76,102.0
2026-01-28,2,08:00,up,32,42.00,19.45,20.88,23.68,25.00,35.83,108.0
2026-01-28,3,12:00,down,2,0.01,0.01,0.01,0.01,0.01,0.01,3.0
2026-01-28,3,12:00,up,34,13.62,6.00,6.62,8.14,8.96,9.44,121.0
2026-01-28,4,16:00,up,32,29.28,19.72,21.51,22.70,24.47,27.45,118.0
2026-01-28,5,20:00,down,11,0.15,0.01,0.01,0.03,0.07,0.10,52.0
2026-01-28,5,20:00,up,36,5.20,3.55,3.77,4.00,4.60,4.88,127.0
2026-01-29,0,00:00,down,17,0.17,0.01,0.01,0.01,0.08,0.11,150.0
2026-01-29,0,00:00,up,41,2.80,2.05,2.45,2.62,2.70,2.76,156.0
2026-01-29,1,04:00,down,6,0.08,0.01,0.01,0.01,0.03,0.06,60.0
2026-01-29,1,04:00,up,31,13.72,10.50,11.37,11.89,12.48,12.83,108.0
2026-01-29,2,08:00,down,7,0.01,0.01,0.01,0.01,0.01,0.01,53.0
2026-01-29,2,08:00,up,30,28.30,20.27,21.86,23.38,24.00,25.00,106.0
2026-01-29,3,12:00,down,1,0.01,0.01,0.01,0.01,0.01,0.01,12.0
2026-01-29,3,12:00,up,32,11.39,6.54,7.60,8.85,9.71,10.00,114.0
2026-01-29,4,16:00,down,4,0.01,0.01,0.01,0.01,0.01,0.01,22.0
2026-01-29,4,16:00,up,32,25.96,18.96,20.52,21.59,22.79,23.00,113.0
2026-01-29,5,20:00,down,7,0.10,0.01,0.01,0.04,0.09,0.10,29.0
2026-01-29,5,20:00,up,35,5.06,3.56,3.85,4.12,4.29,4.52,126.0
2026-01-30,0,00:00,down,16,0.15,0.01,0.01,0.03,0.10,0.14,138.0
2026-01-30,0,00:00,up,37,2.56,2.04,2.28,2.34,2.42,2.51,141.0
2026-01-30,1,04:00,down,10,0.07,0.01,0.01,0.03,0.05,0.06,75.0
2026-01-30,1,04:00,up,16,9.70,9.21,9.49,9.53,9.58,9.62,67.0
2026-01-30,2,08:00,down,8,0.01,0.01,0.01,0.01,0.01,0.01,39.0
2026-01-30,2,08:00,up,21,19.70,16.00,17.65,19.07,19.31,19.50,82.0
2026-01-30,3,12:00,down,2,0.01,0.01,0.01,0.01,0.01,0.01,22.0
2026-01-30,3,12:00,up,21,7.80,6.00,7.00,7.50,7.62,7.70,78.0
2026-01-30,4,16:00,down,2,0.01,0.01,0.01,0.01,0.01,0.01,5.0
2026-01-30,4,16:00,up,21,17.83,15.00,15.55,15.72,17.00,17.10,68.0
2026-01-30,5,20:00,down,6,0.04,0.01,0.02,0.02,0.04,0.04,35.0
2026-01-30,5,20:00,up,31,4.17,3.40,3.50,3.61,3.90,4.10,116.0
2026-01-31,0,00:00,down,17,0.15,0.01,0.01,0.05,0.09,0.10,144.0
2026-01-31,0,00:00,up,22,2.05,1.67,1.83,1.88,1.98,2.00,79.0
2026-01-31,1,04:00,down,9,0.05,0.02,0.03,0.04,0.04,0.05,60.0
2026-01-31,1,04:00,up,22,7.11,5.67,5.86,6.11,6.67,7.00,83.0
2026-01-31,2,08:00,down,8,0.01,0.01,0.01,0.01,0.01,0.01,63.0
2026-01-31,2,08:00,up,20,13.20,10.57,10.78,11.15,12.70,13.00,66.0
2026-01-31,3,12:00,up,13,5.63,4.60,5.00,5.40,5.57,5.60,44.0
2026-01-31,4,16:00,down,1,0.01,0.01,0.01,0.01,0.01,0.01,2.0
2026-01-31,4,16:00,up,9,13.00,11.21,12.05,12.30,13.00,13.00,32.0
2026-01-31,5,20:00,down,11,0.15,0.02,0.02,0.03,0.04,0.10,66.0
2026-01-31,5,20:00,up,29,3.86,3.00,3.12,3.40,3.73,3.81,102.0
2026-02-01,0,00:00,down,17,0.16,0.01,0.01,0.05,0.07,0.10,157.0
2026-02-01,0,00:00,up,35,2.02,1.50,1.67,1.81,1.89,1.96,110.0
2026-02-01,1,04:00,down,12,0.12,0.02,0.03,0.03,0.04,0.05,78.0
2026-02-01,1,04:00,up,8,5.00,4.17,4.44,4.65,5.00,5.00,34.0
2026-02-01,2,08:00,down,11,0.12,0.01,0.01,0.01,0.01,0.03,69.0
2026-02-01,2,08:00,up,12,10.00,7.07,7.93,8.37,9.06,9.92,40.0
2026-02-01,3,12:00,down,1,0.03,0.03,0.03,0.03,0.03,0.03,2.0
2026-02-01,3,12:00,up,21,4.10,3.58,3.89,3.92,4.00,4.07,70.0
2026-02-01,4,16:00,down,3,0.12,0.01,0.02,0.03,0.07,0.10,9.0
2026-02-01,4,16:00,up,16,9.40,8.25,8.91,9.00,9.12,9.21,57.0
2026-02-01,5,20:00,down,10,0.16,0.02,0.02,0.08,0.10,0.12,62.0
2026-02-01,5,20:00,up,15,2.95,2.77,2.80,2.85,2.88,2.92,50.0
2026-02-02,0,00:00,down,16,0.17,0.01,0.02,0.06,0.09,0.12,159.0
2026-02-02,0,00:00,up,38,2.25,1.65,1.86,1.96,2.18,2.22,129.0
2026-02-02,1,04:00,down,12,0.16,0.03,0.03,0.04,0.06,0.12,98.0
2026-02-02,1,04:00,up,34,13.00,4.28,4.59,5.55,5.83,8.67,111.0
2026-02-02,2,08:00,down,8,0.04,0.01,0.01,0.01,0.03,0.03,67.0
2026-02-02,2,08:00,up,35,29.90,7.71,8.14,9.51,9.78,16.59,133.0
2026-02-02,3,12:00,up,36,13.89,3.58,3.93,4.33,4.55,5.50,116.0
2026-02-02,4,16:00,down,4,0.03,0.01,0.02,0.03,0.03,0.03,22.0
2026-02-02,4,16:00,up,33,20.00,8.84,9.07,9.54,10.00,13.47,109.0
2026-02-02,5,20:00,down,7,0.08,0.03,0.03,0.04,0.04,0.06,54.0
2026-02-02,5,20:00,up,34,3.75,2.55,2.79,2.91,3.00,3.28,111.0
2026-02-03,0,00:00,down,19,0.17,0.01,0.01,0.04,0.10,0.13,151.0
2026-02-03,0,00:00,up,36,2.25,1.77,1.93,2.00,2.08,2.13,130.0
2026-02-03,1,04:00,down,13,0.16,0.01,0.02,0.03,0.05,0.14,129.0
2026-02-03,1,04:00,up,34,10.50,6.04,6.52,7.55,7.99,9.35,112.0
2026-02-03,2,08:00,down,9,0.03,0.01,0.01,0.01,0.02,0.02,46.0
2026-02-03,2,08:00,up,30,18.21,10.04,12.35,14.46,15.69,17.00,100.0
2026-02-03,3,12:00,down,5,0.02,0.01,0.01,0.01,0.01,0.02,29.0
2026-02-03,3,12:00,up,35,13.14,4.99,5.43,7.01,8.82,10.83,116.0
2026-02-03,4,16:00,down,4,0.03,0.01,0.01,0.02,0.03,0.03,19.0
2026-02-03,4,16:00,up,22,13.78,10.11,11.58,12.62,12.82,12.90,76.0
2026-02-03,5,20:00,down,13,0.16,0.02,0.02,0.03,0.05,0.07,85.0
2026-02-03,5,20:00,up,33,4.00,2.78,2.89,3.40,3.61,3.75,116.0
2026-02-04,0,00:00,down,17,0.17,0.01,0.01,0.07,0.12,0.14,163.0
2026-02-04,0,00:00,up,39,2.18,1.62,1.87,2.00,2.10,2.15,126.0
2026-02-04,1,04:00,down,11,0.16,0.03,0.04,0.07,0.12,0.14,97.0
2026-02-04,1,04:00,up,16,7.68,6.50,7.00,7.21,7.50,7.62,46.0
2026-02-04,2,08:00,down,11,0.04,0.01,0.01,0.02,0.02,0.03,83.0
2026-02-04,2,08:00,up,16,13.50,10.34,12.26,12.89,13.03,13.29,51.0
2026-02-04,3,12:00,down,4,0.02,0.01,0.01,0.01,0.01,0.02,19.0
2026-02-04,3,12:00,up,32,9.28,5.70,6.74,7.50,7.91,8.19,104.0
2026-02-04,4,16:00,down,4,0.03,0.02,0.02,0.03,0.03,0.03,35.0
2026-02-04,4,16:00,up,12,11.88,10.00,10.06,11.00,11.18,11.66,47.0
2026-02-04,5,20:00,down,12,0.16,0.02,0.03,0.04,0.10,0.14,123.0
2026-02-04,5,20:00,up,38,3.70,2.86,3.03,3.30,3.56,3.62,125.0
2026-02-05,0,00:00,down,18,0.13,0.01,0.02,0.04,0.10,0.10,147.0
2026-02-05,0,00:00,up,26,1.97,1.56,1.77,1.85,1.90,1.94,104.0
2026-02-05,1,04:00,down,14,0.14,0.02,0.03,0.07,0.12,0.12,79.0
2026-02-05,1,04:00,up,12,6.50,5.82,6.06,6.24,6.40,6.44,50.0
2026-02-05,2,08:00,down,11,0.03,0.01,0.01,0.02,0.02,0.02,75.0
2026-02-05,2,08:00,up,13,11.94,10.12,10.96,11.00,11.30,11.60,58.0
2026-02-05,3,12:00,down,7,0.02,0.01,0.01,0.01,0.01,0.02,53.0
2026-02-05,3,12:00,up,12,7.50,6.05,6.71,6.95,7.09,7.48,50.0
2026-02-05,4,16:00,down,4,0.03,0.01,0.02,0.03,0.03,0.03,25.0
2026-02-05,4,16:00,up,32,12.17,9.02,9.82,10.75,10.96,11.19,110.0
2026-02-05,5,20:00,down,17,0.16,0.03,0.03,0.06,0.11,0.13,111.0
2026-02-05,5,20:00,up,36,3.54,2.87,3.03,3.19,3.25,3.41,122.0
2026-02-06,0,00:00,down,16,0.09,0.01,0.04,0.04,0.07,0.08,144.0
2026-02-06,0,00:00,up,40,2.14,1.50,1.67,1.75,1.80,1.85,156.0
2026-02-06,1,04:00,down,11,0.10,0.03,0.03,0.04,0.06,0.07,100.0
2026-02-06,1,04:00,up,35,7.01,4.64,4.76,5.00,5.86,6.31,120.0
2026-02-06,2,08:00,down,12,0.02,0.01,0.01,0.01,0.01,0.02,99.0
2026-02-06,2,08:00,up,31,11.40,9.00,9.50,10.09,10.43,10.68,110.0
2026-02-06,3,12:00,down,5,0.02,0.01,0.01,0.01,0.01,0.02,35.0
2026-02-06,3,12:00,up,32,7.55,5.00,5.89,6.11,6.29,6.80,114.0
2026-02-06,4,16:00,up,32,13.30,8.69,9.07,9.39,10.10,11.11,110.0
2026-02-06,5,20:00,down,14,0.10,0.03,0.03,0.04,0.08,0.09,121.0
2026-02-06,5,20:00,up,36,3.56,2.74,2.90,3.07,3.17,3.26,123.0
2026-02-07,0,00:00,down,18,0.08,0.01,0.04,0.04,0.06,0.07,146.0
2026-02-07,0,00:00,up,38,2.02,1.36,1.50,1.56,1.69,1.77,130.0
2026-02-07,1,04:00,down,12,0.09,0.03,0.03,0.04,0.07,0.08,110.0
2026-02-07,1,04:00,up,35,6.17,4.04,4.31,4.40,4.98,5.29,124.0
2026-02-07,2,08:00,down,13,0.02,0.01,0.01,0.01,0.01,0.02,122.0
2026-02-07,2,08:00,up,35,10.38,7.05,7.87,9.00,9.29,9.65,123.0
2026-02-07,3,12:00,up,28,5.60,3.94,4.66,5.23,5.37,5.52,105.0
2026-02-07,4,16:00,up,34,12.62,7.74,8.26,9.70,10.18,10.86,121.0
2026-02-07,5,20:00,down,18,0.05,0.04,0.04,0.05,0.05,0.05,117.0
2026-02-07,5,20:00,up,36,3.16,2.39,2.50,2.75,2.92,3.08,127.0
2026-02-08,0,00:00,down,22,0.05,0.01,0.04,0.04,0.05,0.05,145.0
2026-02-08,0,00:00,up,39,1.98,1.35,1.48,1.56,1.66,1.70,135.0
2026-02-08,1,04:00,down,17,0.05,0.03,0.03,0.05,0.05,0.05,105.0
2026-02-08,1,04:00,up,25,4.40,3.53,3.87,4.30,4.33,4.40,101.0
2026-02-08,2,08:00,down,14,0.15,0.01,0.01,0.01,0.01,0.02,131.0
2026-02-08,2,08:00,up,14,7.69,5.65,6.21,7.00,7.36,7.61,62.0
2026-02-08,3,12:00,up,19,3.95,3.44,3.62,3.70,3.88,3.90,70.0
2026-02-08,4,16:00,down,2,0.02,0.01,0.01,0.01,0.02,0.02,3.0
2026-02-08,4,16:00,up,19,8.89,7.20,7.66,8.41,8.87,8.88,76.0
2026-02-08,5,20:00,down,14,0.16,0.03,0.03,0.04,0.04,0.05,121.0
2026-02-08,5,20:00,up,32,2.86,2.34,2.44,2.60,2.74,2.80,118.0
2026-02-09,0,00:00,down,19,0.17,0.01,0.03,0.04,0.04,0.06,159.0
2026-02-09,0,00:00,up,40,2.60,1.27,1.60,1.76,2.40,2.53,149.0
2026-02-09,1,04:00,down,9,0.16,0.03,0.03,0.04,0.04,0.06,84.0
2026-02-09,1,04:00,up,36,15.62,3.90,4.29,5.00,8.66,11.49,129.0
2026-02-09,2,08:00,down,10,0.01,0.01,0.01,0.01,0.01,0.01,103.0
2026-02-09,2,08:00,up,33,30.29,6.76,7.40,8.82,16.69,19.50,112.0
2026-02-09,3,12:00,down,3,0.03,0.01,0.01,0.02,0.03,0.03,21.0
2026-02-09,3,12:00,up,32,11.00,3.51,3.84,4.75,8.14,10.17,112.0
2026-02-09,4,16:00,down,1,0.01,0.01,0.01,0.01,0.01,0.01,2.0
2026-02-09,4,16:00,up,36,51.00,8.11,8.70,12.85,23.77,35.10,169.0
2026-02-09,5,20:00,down,15,0.16,0.03,0.03,0.03,0.05,0.09,136.0
2026-02-09,5,20:00,up,34,4.50,2.44,2.54,2.80,3.81,4.29,121.0
2026-02-10,0,00:00,down,27,1.00,0.01,0.03,0.07,0.39,0.99,251.0
2026-02-10,0,00:00,up,43,2.65,1.46,1.83,2.06,2.24,2.40,167.0
2026-02-10,1,04:00,down,11,1.00,0.02,0.04,0.11,0.58,1.00,115.0
2026-02-10,1,04:00,up,25,9.71,4.58,6.00,7.50,9.30,9.43,100.0
2026-02-10,2,08:00,down,23,0.50,0.01,0.01,0.01,0.50,0.50,178.0
2026-02-10,2,08:00,up,29,17.64,8.39,10.00,15.00,16.09,16.77,113.0
2026-02-10,3,12:00,down,20,0.82,0.03,0.46,0.60,0.60,0.60,88.0
2026-02-10,3,12:00,up,31,9.73,3.80,5.40,7.60,9.01,9.53,123.0
2026-02-10,4,16:00,up,27,25.00,11.71,19.09,22.09,24.01,24.45,109.0
2026-02-10,5,20:00,down,31,0.60,0.02,0.04,0.36,0.60,0.60,221.0
2026-02-10,5,20:00,up,37,4.49,2.59,3.20,3.60,3.84,3.96,139.0
2026-02-11,0,00:00,down,16,0.21,0.01,0.02,0.04,0.11,0.15,146.0
2026-02-11,0,00:00,up,31,2.27,1.50,1.83,2.00,2.16,2.24,126.0
2026-02-11,1,04:00,down,7,0.17,0.02,0.02,0.02,0.10,0.16,99.0
2026-02-11,1,04:00,up,19,6.80,5.71,6.16,6.29,6.44,6.55,78.0
2026-02-11,2,08:00,down,9,0.03,0.01,0.01,0.01,0.01,0.02,80.0
2026-02-11,2,08:00,up,26,13.96,10.36,12.21,12.55,12.88,13.00,106.0
2026-02-11,3,12:00,down,1,0.01,0.01,0.01,0.01,0.01,0.01,33.0
2026-02-11,3,12:00,up,12,7.09,5.28,6.12,6.85,6.99,7.05,55.0
2026-02-11,4,16:00,down,6,0.01,0.01,0.01,0.01,0.01,0.01,67.0
2026-02-11,4,16:00,up,6,18.02,13.20,15.36,16.73,17.00,17.51,23.0
2026-02-11,5,20:00,down,13,0.17,0.02,0.02,0.04,0.13,0.15,126.0
2026-02-11,5,20:00,up,32,4.21,3.00,3.20,3.68,3.98,4.07,122.0
2026-02-15,0,00:00,down,20,0.33,0.03,0.05,0.07,0.10,0.13,158.0
2026-02-15,0,00:00,up,39,2.01,1.19,1.30,1.42,1.55,1.61,149.0
2026-02-15,1,04:00,down,13,0.16,0.04,0.04,0.07,0.10,0.12,95.0
2026-02-15,1,04:00,up,31,3.47,2.87,3.04,3.10,3.18,3.40,127.0
2026-02-15,2,08:00,down,15,0.15,0.01,0.01,0.02,0.02,0.02,132.0
2026-02-15,2,08:00,up,11,5.34,3.43,4.60,4.99,5.21,5.32,50.0
2026-02-15,3,12:00,down,4,0.03,0.01,0.02,0.02,0.02,0.03,16.0
2026-02-15,3,12:00,up,30,3.30,2.33,2.41,2.50,3.04,3.30,125.0
2026-02-15,4,16:00,down,9,0.15,0.01,0.01,0.01,0.01,0.11,99.0
2026-02-15,4,16:00,up,20,8.56,7.94,8.30,8.39,8.46,8.50,76.0
2026-02-15,5,20:00,down,15,0.16,0.04,0.05,0.07,0.10,0.12,133.0
2026-02-15,5,20:00,up,35,3.33,2.34,2.40,2.50,2.84,2.99,135.0
2026-02-16,0,00:00,down,15,0.12,0.02,0.04,0.07,0.09,0.12,126.0
2026-02-16,0,00:00,up,41,2.38,1.26,1.37,1.65,2.24,2.34,149.0
2026-02-16,1,04:00,down,8,0.11,0.06,0.06,0.09,0.11,0.11,70.0
2026-02-16,1,04:00,up,37,9.69,3.10,3.27,4.31,4.42,6.15,136.0
2026-02-16,2,08:00,down,15,0.15,0.01,0.02,0.02,0.02,0.03,140.0
2026-02-16,2,08:00,up,38,17.81,4.94,5.24,6.49,7.72,12.06,144.0
2026-02-16,3,12:00,down,4,0.02,0.01,0.02,0.02,0.02,0.02,18.0
2026-02-16,3,12:00,up,38,13.50,2.75,3.11,4.17,6.70,6.91,140.0
2026-02-16,4,16:00,down,10,0.15,0.01,0.01,0.01,0.02,0.05,80.0
2026-02-16,4,16:00,up,38,18.42,8.44,9.77,11.50,13.10,15.93,134.0
2026-02-16,5,20:00,down,14,0.12,0.05,0.06,0.06,0.07,0.11,111.0
2026-02-16,5,20:00,up,37,5.36,2.51,2.85,3.13,3.65,3.75,137.0
2026-02-17,0,00:00,down,11,0.06,0.01,0.04,0.05,0.06,0.06,126.0
2026-02-17,0,00:00,up,35,2.53,1.41,1.75,1.95,2.15,2.45,130.0
2026-02-17,1,04:00,down,4,0.05,0.04,0.04,0.04,0.05,0.05,45.0
2026-02-17,1,04:00,up,37,7.76,4.18,4.46,6.50,6.78,6.90,136.0
2026-02-17,2,08:00,down,12,0.03,0.01,0.02,0.02,0.02,0.03,130.0
2026-02-17,2,08:00,up,37,12.56,6.60,7.65,9.00,9.71,11.09,135.0
2026-02-17,3,12:00,down,3,0.02,0.01,0.01,0.01,0.01,0.02,39.0
2026-02-17,3,12:00,up,37,8.50,4.92,5.10,6.25,7.04,7.40,136.0
2026-02-17,4,16:00,down,5,0.02,0.01,0.01,0.01,0.02,0.02,53.0
2026-02-17,4,16:00,up,35,18.00,11.11,11.89,13.78,16.16,16.33,129.0
2026-02-17,5,20:00,down,14,0.10,0.04,0.04,0.05,0.06,0.09,136.0
2026-02-17,5,20:00,up,39,4.26,3.00,3.15,3.70,4.06,4.22,142.0
2026-02-18,0,00:00,down,19,0.10,0.03,0.04,0.05,0.05,0.06,158.0
2026-02-18,0,00:00,up,38,2.29,1.63,1.90,2.05,2.23,2.25,148.0
2026-02-18,1,04:00,down,10,0.05,0.03,0.03,0.04,0.04,0.05,61.0
2026-02-18,1,04:00,up,36,8.56,4.94,5.58,6.40,8.46,8.52,130.0
2026-02-18,2,08:00,down,18,0.03,0.01,0.01,0.02,0.02,0.02,128.0
2026-02-18,2,08:00,up,35,32.94,7.72,8.37,9.64,14.71,14.81,147.0
2026-02-18,3,12:00,down,4,0.02,0.01,0.01,0.01,0.02,0.02,23.0
2026-02-18,3,12:00,up,36,8.02,5.12,5.79,6.59,7.93,7.99,130.0
2026-02-18,4,16:00,down,2,0.01,0.01,0.01,0.01,0.01,0.01,9.0
2026-02-18,4,16:00,up,34,19.89,12.00,12.85,14.99,19.41,19.62,120.0
2026-02-18,5,20:00,down,16,0.10,0.03,0.04,0.04,0.05,0.07,157.0
2026-02-18,5,20:00,up,36,4.53,3.08,3.49,3.83,4.09,4.15,133.0
2026-02-19,0,00:00,down,17,0.06,0.03,0.04,0.04,0.05,0.05,126.0
2026-02-19,0,00:00,up,33,2.00,1.65,1.81,1.90,1.94,2.00,132.0
2026-02-19,1,04:00,down,10,0.15,0.03,0.04,0.04,0.05,0.07,95.0
2026-02-19,1,04:00,up,39,8.21,4.99,5.95,6.60,6.72,6.97,146.0
2026-02-19,2,08:00,down,14,0.03,0.01,0.02,0.02,0.02,0.03,109.0
2026-02-19,2,08:00,up,26,14.63,8.59,10.47,12.20,12.45,14.27,104.0
2026-02-19,3,12:00,down,9,0.15,0.01,0.02,0.02,0.05,0.07,93.0
2026-02-19,3,12:00,up,11,5.88,4.25,4.98,5.30,5.61,5.85,46.0
2026-02-19,4,16:00,down,4,0.02,0.01,0.01,0.01,0.02,0.02,53.0
2026-02-19,4,16:00,up,17,14.54,10.76,12.00,13.75,14.50,14.52,51.0
2026-02-19,5,20:00,down,17,0.15,0.04,0.04,0.04,0.05,0.07,141.0
2026-02-19,5,20:00,up,37,4.15,3.00,3.44,3.71,3.78,4.00,139.0
2026-02-20,0,00:00,down,17,0.06,0.03,0.03,0.04,0.04,0.05,139.0
2026-02-20,0,00:00,up,38,1.85,1.42,1.58,1.69,1.72,1.78,135.0
2026-02-20,1,04:00,down,2,0.05,0.04,0.04,0.04,0.05,0.05,37.0
2026-02-20,1,04:00,up,36,6.81,5.00,5.30,6.22,6.62,6.74,131.0
2026-02-20,2,08:00,down,15,0.04,0.01,0.02,0.02,0.03,0.04,135.0
2026-02-20,2,08:00,up,34,11.42,8.01,9.21,10.00,10.22,10.94,124.0
2026-02-20,3,12:00,down,3,0.03,0.02,0.03,0.03,0.03,0.03,41.0
2026-02-20,3,12:00,up,29,4.77,4.00,4.12,4.23,4.42,4.65,114.0
2026-02-20,4,16:00,down,6,0.02,0.01,0.01,0.01,0.02,0.02,75.0
2026-02-20,4,16:00,up,27,11.69,9.20,10.50,11.04,11.14,11.50,105.0
2026-02-20,5,20:00,down,15,0.06,0.04,0.04,0.05,0.06,0.06,124.0
2026-02-20,5,20:00,up,37,3.90,2.99,3.08,3.21,3.47,3.68,143.0
2026-02-21,0,00:00,down,15,0.06,0.01,0.03,0.04,0.04,0.06,136.0
2026-02-21,0,00:00,up,40,1.90,1.27,1.42,1.46,1.52,1.65,144.0
2026-02-21,1,04:00,down,4,0.05,0.02,0.03,0.04,0.05,0.05,34.0
2026-02-21,1,04:00,up,31,5.60,4.50,4.76,4.83,4.98,5.27,122.0
2026-02-21,2,08:00,down,13,0.05,0.01,0.02,0.02,0.04,0.04,115.0
2026-02-21,2,08:00,up,12,7.70,7.00,7.00,7.50,7.68,7.70,50.0
2026-02-21,3,12:00,down,7,0.03,0.01,0.01,0.02,0.03,0.03,57.0
2026-02-21,3,12:00,up,27,3.84,3.08,3.19,3.36,3.47,3.70,108.0
2026-02-21,4,16:00,down,2,0.02,0.01,0.01,0.01,0.02,0.02,9.0
2026-02-21,4,16:00,up,39,12.37,7.35,8.43,8.77,9.50,10.02,134.0
2026-02-21,5,20:00,down,16,0.08,0.03,0.04,0.04,0.06,0.06,130.0
2026-02-21,5,20:00,up,39,3.81,2.58,2.83,2.91,3.00,3.11,142.0
2026-02-22,0,00:00,down,20,0.16,0.01,0.03,0.04,0.04,0.06,161.0
2026-02-22,0,00:00,up,40,2.06,1.25,1.35,1.44,1.50,1.66,136.0
2026-02-22,1,04:00,down,7,0.15,0.03,0.03,0.04,0.05,0.09,67.0
2026-02-22,1,04:00,up,41,6.18,3.50,3.94,4.04,4.47,4.90,165.0
2026-02-22,2,08:00,down,5,0.02,0.01,0.02,0.02,0.02,0.02,38.0
2026-02-22,2,08:00,up,22,6.40,4.69,4.83,5.07,5.88,6.18,94.0
2026-02-22,3,12:00,down,7,0.02,0.01,0.01,0.01,0.01,0.02,52.0
2026-02-22,3,12:00,up,32,3.75,2.17,2.36,2.90,3.10,3.38,122.0
2026-02-22,4,16:00,down,5,0.02,0.01,0.01,0.01,0.02,0.02,34.0
2026-02-22,4,16:00,up,38,9.00,6.13,7.26,7.52,8.38,8.78,122.0
2026-02-22,5,20:00,down,11,0.07,0.04,0.04,0.04,0.05,0.06,86.0
2026-02-22,5,20:00,up,40,4.12,2.50,2.71,2.86,2.97,3.28,145.0
2026-02-23,0,00:00,down,20,0.16,0.01,0.04,0.04,0.08,0.09,150.0
2026-02-23,0,00:00,up,42,3.30,1.40,1.59,1.71,1.90,2.09,143.0
2026-02-23,1,04:00,down,9,0.08,0.03,0.03,0.05,0.07,0.07,62.0
2026-02-23,1,04:00,up,41,9.83,4.21,4.73,5.68,6.00,8.67,135.0
2026-02-23,2,08:00,down,11,0.03,0.01,0.02,0.02,0.02,0.02,96.0
2026-02-23,2,08:00,up,30,12.89,4.98,5.39,8.10,9.12,10.31,112.0
2026-02-23,3,12:00,down,3,0.03,0.01,0.01,0.02,0.03,0.03,19.0
2026-02-23,3,12:00,up,37,8.42,2.69,3.25,4.28,4.89,7.00,121.0
2026-02-23,4,16:00,down,13,0.15,0.01,0.01,0.02,0.05,0.07,88.0
2026-02-23,4,16:00,up,36,15.00,7.31,7.95,9.95,11.66,12.98,118.0
2026-02-23,5,20:00,down,12,0.07,0.03,0.04,0.04,0.05,0.06,106.0
2026-02-23,5,20:00,up,38,4.87,2.86,3.07,3.38,3.59,4.02,126.0
2026-02-24,0,00:00,down,16,0.08,0.01,0.04,0.05,0.06,0.07,120.0
2026-02-24,0,00:00,up,42,2.95,1.70,1.88,2.20,2.40,2.59,168.0
2026-02-24,1,04:00,down,12,0.13,0.05,0.05,0.06,0.06,0.08,83.0
2026-02-24,1,04:00,up,38,12.46,5.79,6.22,6.50,8.12,9.18,139.0
2026-02-24,2,08:00,down,15,0.06,0.01,0.02,0.02,0.03,0.04,108.0
2026-02-24,2,08:00,up,38,23.40,7.46,9.00,9.97,12.20,12.41,157.0
2026-02-24,3,12:00,down,4,0.03,0.01,0.02,0.02,0.02,0.03,43.0
2026-02-24,3,12:00,up,39,9.27,4.30,5.04,5.79,6.96,7.81,140.0
2026-02-24,4,16:00,down,7,0.06,0.03,0.03,0.04,0.04,0.05,83.0
2026-02-24,4,16:00,up,40,40.00,9.53,10.94,12.43,14.49,16.99,174.0
2026-02-24,5,20:00,down,14,0.15,0.03,0.04,0.04,0.05,0.06,107.0
2026-02-24,5,20:00,up,38,5.28,3.32,3.65,3.87,4.01,4.16,129.0
2026-02-25,0,00:00,down,19,0.14,0.01,0.04,0.04,0.05,0.06,144.0
2026-02-25,0,00:00,up,30,2.55,2.00,2.09,2.27,2.37,2.46,125.0
2026-02-25,1,04:00,down,12,0.13,0.04,0.05,0.06,0.07,0.09,95.0
2026-02-25,1,04:00,up,27,9.22,6.45,6.96,7.41,8.00,8.86,114.0
2026-02-25,2,08:00,down,11,0.03,0.01,0.01,0.02,0.02,0.03,105.0
2026-02-25,2,08:00,up,40,33.18,10.19,10.38,12.38,14.94,19.77,170.0
2026-02-25,3,12:00,down,4,0.03,0.02,0.02,0.03,0.03,0.03,41.0
2026-02-25,3,12:00,up,39,12.00,4.67,4.91,6.11,7.17,7.84,148.0
2026-02-25,4,16:00,down,7,0.04,0.03,0.03,0.03,0.03,0.03,58.0
2026-02-25,4,16:00,up,30,23.00,13.45,15.12,19.94,21.02,21.71,122.0
2026-02-25,5,20:00,down,10,0.05,0.04,0.04,0.04,0.05,0.05,89.0
2026-02-25,5,20:00,up,37,4.53,3.47,3.67,3.81,4.00,4.21,136.0
2026-02-26,0,00:00,down,17,0.07,0.01,0.04,0.04,0.05,0.05,142.0
2026-02-26,0,00:00,up,36,2.25,1.73,1.92,2.04,2.14,2.20,129.0
2026-02-26,1,04:00,down,7,0.06,0.05,0.05,0.05,0.06,0.06,59.0
2026-02-26,1,04:00,up,23,7.00,5.98,6.15,6.32,6.69,6.95,86.0
2026-02-26,2,08:00,down,11,0.02,0.01,0.01,0.02,0.02,0.02,107.0
2026-02-26,2,08:00,up,32,16.08,10.80,10.99,12.47,14.07,14.98,144.0
2026-02-26,3,12:00,down,5,0.02,0.01,0.02,0.02,0.02,0.02,46.0
2026-02-26,3,12:00,up,41,9.00,4.99,5.77,6.16,7.11,7.99,176.0
2026-02-26,4,16:00,down,4,0.03,0.02,0.02,0.02,0.02,0.03,66.0
2026-02-26,4,16:00,up,22,15.55,13.09,14.11,15.29,15.48,15.50,83.0
2026-02-26,5,20:00,down,11,0.04,0.03,0.03,0.03,0.04,0.04,107.0
2026-02-26,5,20:00,up,16,3.68,2.96,3.15,3.39,3.52,3.64,47.0
