date,hour,interval_start,price_eur_mwh,volume_mwh
2026-01-01,0,2026-01-01T00:00:00,111.55,2764.38
2026-01-01,1,2026-01-01T01:00:00,115.77,2794.6
2026-01-01,2,2026-01-01T02:00:00,124.93,2916.75
2026-01-01,3,2026-01-01T03:00:00,101.54,2936.2
2026-01-01,4,2026-01-01T04:00:00,88.4,2956.32
2026-01-01,5,2026-01-01T05:00:00,83.61,2852.1
2026-01-01,6,2026-01-01T06:00:00,88.2,3019.1
2026-01-01,7,2026-01-01T07:00:00,88.2,2956.43
2026-01-01,8,2026-01-01T08:00:00,62.1,3769.1
2026-01-01,9,2026-01-01T09:00:00,48.85,4160.02
2026-01-01,10,2026-01-01T10:00:00,34.99,4238.3
2026-01-01,11,2026-01-01T11:00:00,37.87,4266.95
2026-01-01,12,2026-01-01T12:00:00,46.05,4319.2
2026-01-01,13,2026-01-01T13:00:00,55.82,4267.9
2026-01-01,14,2026-01-01T14:00:00,88.2,3381.8
2026-01-01,15,2026-01-01T15:00:00,101.36,3207.5
2026-01-01,16,2026-01-01T16:00:00,109.99,3103.5
2026-01-01,17,2026-01-01T17:00:00,109.35,3001.93
2026-01-01,18,2026-01-01T18:00:00,108.07,3004.12
2026-01-01,19,2026-01-01T19:00:00,109.99,3055.98
2026-01-01,20,2026-01-01T20:00:00,119.99,2762.73
2026-01-01,21,2026-01-01T21:00:00,109.99,2855.95
2026-01-01,22,2026-01-01T22:00:00,99.99,2782.2
2026-01-01,23,2026-01-01T23:00:00,73.03,2858.68
2026-01-02,0,2026-01-02T00:00:00,83.55,3062.07
2026-01-02,1,2026-01-02T01:00:00,62.56,3001.02
2026-01-02,2,2026-01-02T02:00:00,52.28,3057.2
2026-01-02,3,2026-01-02T03:00:00,49.39,3089.23
2026-01-02,4,2026-01-02T04:00:00,59.12,3102.42
2026-01-02,5,2026-01-02T05:00:00,75.95,2963.93
2026-01-02,6,2026-01-02T06:00:00,99.57,3020.3
2026-01-02,7,2026-01-02T07:00:00,125.7,3014.43
2026-01-02,8,2026-01-02T08:00:00,116.03,3748.75
2026-01-02,9,2026-01-02T09:00:00,103.44,3673.35
2026-01-02,10,2026-01-02T10:00:00,101.99,3713.98
2026-01-02,11,2026-01-02T11:00:00,101.95,3788.68
2026-01-02,12,2026-01-02T12:00:00,94.87,3821.38
2026-01-02,13,2026-01-02T13:00:00,101.99,3814.02
2026-01-02,14,2026-01-02T14:00:00,110.94,3656.12
2026-01-02,15,2026-01-02T15:00:00,128.7,3648.4
2026-01-02,16,2026-01-02T16:00:00,138.4,3685.22
2026-01-02,17,2026-01-02T17:00:00,138.82,3591.2
2026-01-02,18,2026-01-02T18:00:00,135.98,3763.75
2026-01-02,19,2026-01-02T19:00:00,139.68,3722.95
2026-01-02,20,2026-01-02T20:00:00,135.63,2974.43
2026-01-02,21,2026-01-02T21:00:00,119.57,3020.88
2026-01-02,22,2026-01-02T22:00:00,102.52,2959.42
2026-01-02,23,2026-01-02T23:00:00,83.85,3098.15
2026-01-03,0,2026-01-03T00:00:00,80.63,3039.8
2026-01-03,1,2026-01-03T01:00:00,82.0,3332.85
2026-01-03,2,2026-01-03T02:00:00,85.4,3292.52
2026-01-03,3,2026-01-03T03:00:00,86.12,3298.55
2026-01-03,4,2026-01-03T04:00:00,82.85,3627.5
2026-01-03,5,2026-01-03T05:00:00,77.93,3732.1
2026-01-03,6,2026-01-03T06:00:00,82.86,3540.25
2026-01-03,7,2026-01-03T07:00:00,83.57,3024.25
2026-01-03,8,2026-01-03T08:00:00,90.69,2931.93
2026-01-03,9,2026-01-03T09:00:00,94.09,2808.32
2026-01-03,10,2026-01-03T10:00:00,93.31,2827.55
2026-01-03,11,2026-01-03T11:00:00,88.71,2870.55
2026-01-03,12,2026-01-03T12:00:00,87.41,2950.93
2026-01-03,13,2026-01-03T13:00:00,86.61,2994.78
2026-01-03,14,2026-01-03T14:00:00,91.14,2924.55
2026-01-03,15,2026-01-03T15:00:00,98.58,3202.33
2026-01-03,16,2026-01-03T16:00:00,105.52,3416.7
2026-01-03,17,2026-01-03T17:00:00,110.98,3591.07
2026-01-03,18,2026-01-03T18:00:00,112.35,3684.53
2026-01-03,19,2026-01-03T19:00:00,109.06,3696.15
2026-01-03,20,2026-01-03T20:00:00,105.86,3596.47
2026-01-03,21,2026-01-03T21:00:00,97.72,3711.98
2026-01-03,22,2026-01-03T22:00:00,93.14,3677.65
2026-01-03,23,2026-01-03T23:00:00,86.18,3582.95
2026-01-04,0,2026-01-04T00:00:00,88.82,2974.25
2026-01-04,1,2026-01-04T01:00:00,85.33,3114.88
2026-01-04,2,2026-01-04T02:00:00,85.04,3117.02
2026-01-04,3,2026-01-04T03:00:00,84.06,3549.95
2026-01-04,4,2026-01-04T04:00:00,82.56,3674.25
2026-01-04,5,2026-01-04T05:00:00,83.41,3684.9
2026-01-04,6,2026-01-04T06:00:00,84.17,3620.9
2026-01-04,7,2026-01-04T07:00:00,87.17,2923.05
2026-01-04,8,2026-01-04T08:00:00,88.67,2852.68
2026-01-04,9,2026-01-04T09:00:00,94.3,2778.4
2026-01-04,10,2026-01-04T10:00:00,94.76,2733.93
2026-01-04,11,2026-01-04T11:00:00,90.88,2774.93
2026-01-04,12,2026-01-04T12:00:00,89.54,2820.55
2026-01-04,13,2026-01-04T13:00:00,86.78,2762.47
2026-01-04,14,2026-01-04T14:00:00,92.89,2774.55
2026-01-04,15,2026-01-04T15:00:00,93.9,3032.18
2026-01-04,16,2026-01-04T16:00:00,108.18,3628.02
2026-01-04,17,2026-01-04T17:00:00,118.43,3754.43
2026-01-04,18,2026-01-04T18:00:00,121.18,3855.65
2026-01-04,19,2026-01-04T19:00:00,119.72,3898.15
2026-01-04,20,2026-01-04T20:00:00,112.45,3881.0
2026-01-04,21,2026-01-04T21:00:00,99.91,3973.68
2026-01-04,22,2026-01-04T22:00:00,98.45,3872.45
2026-01-04,23,2026-01-04T23:00:00,89.21,3464.2
2026-01-05,0,2026-01-05T00:00:00,92.54,2428.6
2026-01-05,1,2026-01-05T01:00:00,88.85,2394.4
2026-01-05,2,2026-01-05T02:00:00,86.51,2548.62
2026-01-05,3,2026-01-05T03:00:00,86.31,2865.1
2026-01-05,4,2026-01-05T04:00:00,87.5,3182.68
2026-01-05,5,2026-01-05T05:00:00,90.86,3859.35
2026-01-05,6,2026-01-05T06:00:00,109.02,4181.05
2026-01-05,7,2026-01-05T07:00:00,129.31,4143.27
2026-01-05,8,2026-01-05T08:00:00,151.18,4493.17
2026-01-05,9,2026-01-05T09:00:00,152.15,4606.58
2026-01-05,10,2026-01-05T10:00:00,146.09,4688.45
2026-01-05,11,2026-01-05T11:00:00,137.07,4749.38
2026-01-05,12,2026-01-05T12:00:00,134.99,4802.82
2026-01-05,13,2026-01-05T13:00:00,140.59,4669.22
2026-01-05,14,2026-01-05T14:00:00,164.75,4762.6
2026-01-05,15,2026-01-05T15:00:00,178.34,4626.12
2026-01-05,16,2026-01-05T16:00:00,199.63,4676.7
2026-01-05,17,2026-01-05T17:00:00,224.13,4696.95
2026-01-05,18,2026-01-05T18:00:00,213.59,4689.68
2026-01-05,19,2026-01-05T19:00:00,182.8,4621.88
2026-01-05,20,2026-01-05T20:00:00,147.03,4495.27
2026-01-05,21,2026-01-05T21:00:00,129.1,4486.73
2026-01-05,22,2026-01-05T22:00:00,123.85,4414.65
2026-01-05,23,2026-01-05T23:00:00,111.3,4071.28
2026-01-06,0,2026-01-06T00:00:00,104.7,4115.9
2026-01-06,1,2026-01-06T01:00:00,104.6,4128.7
2026-01-06,2,2026-01-06T02:00:00,101.55,4175.77
2026-01-06,3,2026-01-06T03:00:00,100.09,4183.98
2026-01-06,4,2026-01-06T04:00:00,102.45,4134.12
2026-01-06,5,2026-01-06T05:00:00,107.0,3990.85
2026-01-06,6,2026-01-06T06:00:00,121.29,3894.15
2026-01-06,7,2026-01-06T07:00:00,138.5,3913.42
2026-01-06,8,2026-01-06T08:00:00,164.19,4547.85
2026-01-06,9,2026-01-06T09:00:00,168.82,4361.9
2026-01-06,10,2026-01-06T10:00:00,154.84,4299.15
2026-01-06,11,2026-01-06T11:00:00,147.27,4191.27
2026-01-06,12,2026-01-06T12:00:00,134.48,3864.9
2026-01-06,13,2026-01-06T13:00:00,130.7,3800.9
2026-01-06,14,2026-01-06T14:00:00,131.22,3791.68
2026-01-06,15,2026-01-06T15:00:00,137.54,3747.35
2026-01-06,16,2026-01-06T16:00:00,145.96,4044.18
2026-01-06,17,2026-01-06T17:00:00,152.99,4270.77
2026-01-06,18,2026-01-06T18:00:00,148.27,4241.65
2026-01-06,19,2026-01-06T19:00:00,139.12,4048.1
2026-01-06,20,2026-01-06T20:00:00,122.04,3829.5
2026-01-06,21,2026-01-06T21:00:00,113.16,3904.53
2026-01-06,22,2026-01-06T22:00:00,108.0,3668.78
2026-01-06,23,2026-01-06T23:00:00,94.25,3596.8
2026-01-07,0,2026-01-07T00:00:00,94.36,3082.4
2026-01-07,1,2026-01-07T01:00:00,89.02,3234.95
2026-01-07,2,2026-01-07T02:00:00,85.39,3233.85
2026-01-07,3,2026-01-07T03:00:00,81.98,3345.5
2026-01-07,4,2026-01-07T04:00:00,83.94,3452.0
2026-01-07,5,2026-01-07T05:00:00,96.81,3695.4
2026-01-07,6,2026-01-07T06:00:00,115.58,4047.45
2026-01-07,7,2026-01-07T07:00:00,142.34,4269.98
2026-01-07,8,2026-01-07T08:00:00,160.19,4362.68
2026-01-07,9,2026-01-07T09:00:00,158.9,4345.55
2026-01-07,10,2026-01-07T10:00:00,139.08,4153.1
2026-01-07,11,2026-01-07T11:00:00,139.81,4256.98
2026-01-07,12,2026-01-07T12:00:00,144.38,4354.57
2026-01-07,13,2026-01-07T13:00:00,159.5,4405.65
2026-01-07,14,2026-01-07T14:00:00,156.83,4354.95
2026-01-07,15,2026-01-07T15:00:00,173.65,4353.98
2026-01-07,16,2026-01-07T16:00:00,174.12,4467.6
2026-01-07,17,2026-01-07T17:00:00,175.0,4475.35
2026-01-07,18,2026-01-07T18:00:00,163.95,4332.9
2026-01-07,19,2026-01-07T19:00:00,155.0,4137.57
2026-01-07,20,2026-01-07T20:00:00,143.61,4215.12
2026-01-07,21,2026-01-07T21:00:00,119.35,3964.57
2026-01-07,22,2026-01-07T22:00:00,109.63,3915.83
2026-01-07,23,2026-01-07T23:00:00,99.13,3555.17
2026-01-08,0,2026-01-08T00:00:00,91.51,3656.72
2026-01-08,1,2026-01-08T01:00:00,89.89,3688.43
2026-01-08,2,2026-01-08T02:00:00,84.52,3634.77
2026-01-08,3,2026-01-08T03:00:00,82.47,3592.88
2026-01-08,4,2026-01-08T04:00:00,87.13,3703.65
2026-01-08,5,2026-01-08T05:00:00,95.48,3627.25
2026-01-08,6,2026-01-08T06:00:00,120.08,3619.62
2026-01-08,7,2026-01-08T07:00:00,168.47,3653.85
2026-01-08,8,2026-01-08T08:00:00,205.09,3855.25
2026-01-08,9,2026-01-08T09:00:00,208.38,3956.07
2026-01-08,10,2026-01-08T10:00:00,206.48,4088.65
2026-01-08,11,2026-01-08T11:00:00,210.35,4283.27
2026-01-08,12,2026-01-08T12:00:00,216.13,4271.65
2026-01-08,13,2026-01-08T13:00:00,230.98,4204.53
2026-01-08,14,2026-01-08T14:00:00,257.32,4377.52
2026-01-08,15,2026-01-08T15:00:00,256.62,4367.45
2026-01-08,16,2026-01-08T16:00:00,253.31,4528.5
2026-01-08,17,2026-01-08T17:00:00,240.91,4368.45
2026-01-08,18,2026-01-08T18:00:00,224.15,4133.95
2026-01-08,19,2026-01-08T19:00:00,188.87,3784.15
2026-01-08,20,2026-01-08T20:00:00,147.02,3788.8
2026-01-08,21,2026-01-08T21:00:00,120.59,3847.8
2026-01-08,22,2026-01-08T22:00:00,110.61,3652.4
2026-01-08,23,2026-01-08T23:00:00,96.06,3348.65
2026-01-09,0,2026-01-09T00:00:00,94.9,3764.73
2026-01-09,1,2026-01-09T01:00:00,88.35,3832.3
2026-01-09,2,2026-01-09T02:00:00,81.99,3804.88
2026-01-09,3,2026-01-09T03:00:00,66.75,4174.0
2026-01-09,4,2026-01-09T04:00:00,83.39,3784.73
2026-01-09,5,2026-01-09T05:00:00,91.67,3897.38
2026-01-09,6,2026-01-09T06:00:00,112.17,3865.87
2026-01-09,7,2026-01-09T07:00:00,141.95,4036.75
2026-01-09,8,2026-01-09T08:00:00,158.99,4129.68
2026-01-09,9,2026-01-09T09:00:00,150.0,4235.2
2026-01-09,10,2026-01-09T10:00:00,142.15,4189.3
2026-01-09,11,2026-01-09T11:00:00,138.7,4152.12
2026-01-09,12,2026-01-09T12:00:00,133.71,4136.52
2026-01-09,13,2026-01-09T13:00:00,138.99,4137.2
2026-01-09,14,2026-01-09T14:00:00,149.86,3955.98
2026-01-09,15,2026-01-09T15:00:00,140.0,3948.97
2026-01-09,16,2026-01-09T16:00:00,132.97,3920.98
2026-01-09,17,2026-01-09T17:00:00,129.7,3783.67
2026-01-09,18,2026-01-09T18:00:00,115.22,3811.92
2026-01-09,19,2026-01-09T19:00:00,112.07,3853.88
2026-01-09,20,2026-01-09T20:00:00,101.49,3810.65
2026-01-09,21,2026-01-09T21:00:00,97.67,3936.28
2026-01-09,22,2026-01-09T22:00:00,98.24,3595.53
2026-01-09,23,2026-01-09T23:00:00,91.3,2965.15
2026-01-10,0,2026-01-10T00:00:00,89.53,2796.07
2026-01-10,1,2026-01-10T01:00:00,91.22,2812.35
2026-01-10,2,2026-01-10T02:00:00,92.43,2827.93
2026-01-10,3,2026-01-10T03:00:00,92.43,2909.57
2026-01-10,4,2026-01-10T04:00:00,92.43,2909.0
2026-01-10,5,2026-01-10T05:00:00,88.54,3107.25
2026-01-10,6,2026-01-10T06:00:00,93.85,3641.9
2026-01-10,7,2026-01-10T07:00:00,104.48,3783.8
2026-01-10,8,2026-01-10T08:00:00,123.03,3649.93
2026-01-10,9,2026-01-10T09:00:00,132.85,3764.88
2026-01-10,10,2026-01-10T10:00:00,129.17,3442.17
2026-01-10,11,2026-01-10T11:00:00,126.42,3368.53
2026-01-10,12,2026-01-10T12:00:00,123.48,3267.65
2026-01-10,13,2026-01-10T13:00:00,120.82,3239.5
2026-01-10,14,2026-01-10T14:00:00,121.52,3294.85
2026-01-10,15,2026-01-10T15:00:00,123.77,3298.55
2026-01-10,16,2026-01-10T16:00:00,131.54,3699.8
2026-01-10,17,2026-01-10T17:00:00,141.17,3849.38
2026-01-10,18,2026-01-10T18:00:00,137.61,3823.98
2026-01-10,19,2026-01-10T19:00:00,128.38,3591.82
2026-01-10,20,2026-01-10T20:00:00,120.81,3549.08
2026-01-10,21,2026-01-10T21:00:00,113.66,3697.03
2026-01-10,22,2026-01-10T22:00:00,107.93,3700.15
2026-01-10,23,2026-01-10T23:00:00,98.2,3361.05
2026-01-11,0,2026-01-11T00:00:00,96.9,3690.45
2026-01-11,1,2026-01-11T01:00:00,92.75,3727.05
2026-01-11,2,2026-01-11T02:00:00,88.04,3729.12
2026-01-11,3,2026-01-11T03:00:00,84.86,3410.07
2026-01-11,4,2026-01-11T04:00:00,82.68,3348.75
2026-01-11,5,2026-01-11T05:00:00,82.26,3333.62
2026-01-11,6,2026-01-11T06:00:00,81.6,3261.55
2026-01-11,7,2026-01-11T07:00:00,84.26,3193.98
2026-01-11,8,2026-01-11T08:00:00,92.11,3533.73
2026-01-11,9,2026-01-11T09:00:00,103.65,3405.85
2026-01-11,10,2026-01-11T10:00:00,101.3,3209.88
2026-01-11,11,2026-01-11T11:00:00,100.55,3213.62
2026-01-11,12,2026-01-11T12:00:00,97.29,3279.18
2026-01-11,13,2026-01-11T13:00:00,97.12,3221.68
2026-01-11,14,2026-01-11T14:00:00,99.78,3306.85
2026-01-11,15,2026-01-11T15:00:00,102.22,3272.92
2026-01-11,16,2026-01-11T16:00:00,111.85,3217.1
2026-01-11,17,2026-01-11T17:00:00,116.76,3361.53
2026-01-11,18,2026-01-11T18:00:00,112.23,3272.97
2026-01-11,19,2026-01-11T19:00:00,104.92,3237.68
2026-01-11,20,2026-01-11T20:00:00,124.38,3216.07
2026-01-11,21,2026-01-11T21:00:00,103.06,3333.78
2026-01-11,22,2026-01-11T22:00:00,100.17,3048.57
2026-01-11,23,2026-01-11T23:00:00,93.05,2514.22
2026-01-12,0,2026-01-12T00:00:00,84.56,2594.03
2026-01-12,1,2026-01-12T01:00:00,84.44,2894.77
2026-01-12,2,2026-01-12T02:00:00,84.65,2840.8
2026-01-12,3,2026-01-12T03:00:00,83.86,2764.77
2026-01-12,4,2026-01-12T04:00:00,89.28,2756.43
2026-01-12,5,2026-01-12T05:00:00,96.0,3192.97
2026-01-12,6,2026-01-12T06:00:00,134.21,3579.6
2026-01-12,7,2026-01-12T07:00:00,197.96,3872.17
2026-01-12,8,2026-01-12T08:00:00,223.14,3947.62
2026-01-12,9,2026-01-12T09:00:00,223.88,3893.18
2026-01-12,10,2026-01-12T10:00:00,196.5,3793.55
2026-01-12,11,2026-01-12T11:00:00,193.21,3769.03
2026-01-12,12,2026-01-12T12:00:00,197.17,3785.93
2026-01-12,13,2026-01-12T13:00:00,212.96,3852.7
2026-01-12,14,2026-01-12T14:00:00,216.92,4177.52
2026-01-12,15,2026-01-12T15:00:00,238.51,4185.12
2026-01-12,16,2026-01-12T16:00:00,257.61,4291.25
2026-01-12,17,2026-01-12T17:00:00,248.71,4263.05
2026-01-12,18,2026-01-12T18:00:00,220.4,4175.88
2026-01-12,19,2026-01-12T19:00:00,223.03,4192.45
2026-01-12,20,2026-01-12T20:00:00,173.93,4088.88
2026-01-12,21,2026-01-12T21:00:00,137.46,4115.05
2026-01-12,22,2026-01-12T22:00:00,116.04,3732.6
2026-01-12,23,2026-01-12T23:00:00,103.68,3849.32
2026-01-13,0,2026-01-13T00:00:00,102.98,3986.7
2026-01-13,1,2026-01-13T01:00:00,99.19,3801.88
2026-01-13,2,2026-01-13T02:00:00,97.23,3869.12
2026-01-13,3,2026-01-13T03:00:00,97.24,3892.62
2026-01-13,4,2026-01-13T04:00:00,100.43,4039.85
2026-01-13,5,2026-01-13T05:00:00,108.59,3910.93
2026-01-13,6,2026-01-13T06:00:00,140.87,3808.25
2026-01-13,7,2026-01-13T07:00:00,209.83,3672.6
2026-01-13,8,2026-01-13T08:00:00,249.86,4039.95
2026-01-13,9,2026-01-13T09:00:00,253.64,3997.08
2026-01-13,10,2026-01-13T10:00:00,241.13,3993.53
2026-01-13,11,2026-01-13T11:00:00,245.92,3935.95
2026-01-13,12,2026-01-13T12:00:00,256.09,3951.03
2026-01-13,13,2026-01-13T13:00:00,244.51,4068.28
2026-01-13,14,2026-01-13T14:00:00,260.0,4149.98
2026-01-13,15,2026-01-13T15:00:00,242.57,4145.55
2026-01-13,16,2026-01-13T16:00:00,242.7,4219.4
2026-01-13,17,2026-01-13T17:00:00,231.23,4192.3
2026-01-13,18,2026-01-13T18:00:00,210.34,3815.18
2026-01-13,19,2026-01-13T19:00:00,181.58,3743.22
2026-01-13,20,2026-01-13T20:00:00,158.83,3959.38
2026-01-13,21,2026-01-13T21:00:00,120.4,4101.75
2026-01-13,22,2026-01-13T22:00:00,104.26,3904.48
2026-01-13,23,2026-01-13T23:00:00,97.94,3888.6
2026-01-14,0,2026-01-14T00:00:00,107.46,4131.15
2026-01-14,1,2026-01-14T01:00:00,103.18,4092.07
2026-01-14,2,2026-01-14T02:00:00,98.09,3969.0
2026-01-14,3,2026-01-14T03:00:00,97.39,4026.22
2026-01-14,4,2026-01-14T04:00:00,97.52,4002.38
2026-01-14,5,2026-01-14T05:00:00,111.62,4108.6
2026-01-14,6,2026-01-14T06:00:00,128.03,3991.85
2026-01-14,7,2026-01-14T07:00:00,170.51,4011.32
2026-01-14,8,2026-01-14T08:00:00,156.04,3993.73
2026-01-14,9,2026-01-14T09:00:00,150.23,3944.28
2026-01-14,10,2026-01-14T10:00:00,124.33,3915.15
2026-01-14,11,2026-01-14T11:00:00,123.46,3930.35
2026-01-14,12,2026-01-14T12:00:00,126.41,3909.1
2026-01-14,13,2026-01-14T13:00:00,122.91,4044.62
2026-01-14,14,2026-01-14T14:00:00,133.72,4072.65
2026-01-14,15,2026-01-14T15:00:00,159.28,3936.67
2026-01-14,16,2026-01-14T16:00:00,152.29,3982.1
2026-01-14,17,2026-01-14T17:00:00,186.41,4007.9
2026-01-14,18,2026-01-14T18:00:00,163.1,3937.78
2026-01-14,19,2026-01-14T19:00:00,146.92,3905.17
2026-01-14,20,2026-01-14T20:00:00,139.26,4128.82
2026-01-14,21,2026-01-14T21:00:00,127.2,4298.32
2026-01-14,22,2026-01-14T22:00:00,120.78,4182.73
2026-01-14,23,2026-01-14T23:00:00,108.14,4044.03
2026-01-15,0,2026-01-15T00:00:00,105.91,4302.9
2026-01-15,1,2026-01-15T01:00:00,103.19,4247.15
2026-01-15,2,2026-01-15T02:00:00,102.98,4327.8
2026-01-15,3,2026-01-15T03:00:00,100.78,4318.25
2026-01-15,4,2026-01-15T04:00:00,101.36,4329.05
2026-01-15,5,2026-01-15T05:00:00,107.99,4236.97
2026-01-15,6,2026-01-15T06:00:00,137.9,4143.95
2026-01-15,7,2026-01-15T07:00:00,174.9,4435.4
2026-01-15,8,2026-01-15T08:00:00,185.9,4475.95
2026-01-15,9,2026-01-15T09:00:00,175.0,4246.88
2026-01-15,10,2026-01-15T10:00:00,160.0,3939.35
2026-01-15,11,2026-01-15T11:00:00,157.24,3856.15
2026-01-15,12,2026-01-15T12:00:00,148.37,3832.07
2026-01-15,13,2026-01-15T13:00:00,151.98,3888.23
2026-01-15,14,2026-01-15T14:00:00,149.86,3899.88
2026-01-15,15,2026-01-15T15:00:00,165.0,4003.3
2026-01-15,16,2026-01-15T16:00:00,168.82,4244.3
2026-01-15,17,2026-01-15T17:00:00,172.84,4365.02
2026-01-15,18,2026-01-15T18:00:00,165.0,4212.23
2026-01-15,19,2026-01-15T19:00:00,150.36,3878.03
2026-01-15,20,2026-01-15T20:00:00,135.29,4117.2
2026-01-15,21,2026-01-15T21:00:00,114.61,4261.65
2026-01-15,22,2026-01-15T22:00:00,107.22,3819.52
2026-01-15,23,2026-01-15T23:00:00,101.36,3312.88
2026-01-16,0,2026-01-16T00:00:00,98.3,3374.03
2026-01-16,1,2026-01-16T01:00:00,99.97,3244.88
2026-01-16,2,2026-01-16T02:00:00,113.71,3430.82
2026-01-16,3,2026-01-16T03:00:00,113.29,3380.38
2026-01-16,4,2026-01-16T04:00:00,102.29,3331.83
2026-01-16,5,2026-01-16T05:00:00,104.19,3836.03
2026-01-16,6,2026-01-16T06:00:00,141.45,3865.18
2026-01-16,7,2026-01-16T07:00:00,170.0,3850.93
2026-01-16,8,2026-01-16T08:00:00,177.87,4118.62
2026-01-16,9,2026-01-16T09:00:00,204.99,4091.82
2026-01-16,10,2026-01-16T10:00:00,194.0,4079.3
2026-01-16,11,2026-01-16T11:00:00,169.99,4024.72
2026-01-16,12,2026-01-16T12:00:00,169.99,4067.4
2026-01-16,13,2026-01-16T13:00:00,161.36,3993.9
2026-01-16,14,2026-01-16T14:00:00,154.73,4074.7
2026-01-16,15,2026-01-16T15:00:00,155.29,4014.9
2026-01-16,16,2026-01-16T16:00:00,170.34,4003.82
2026-01-16,17,2026-01-16T17:00:00,175.05,3954.17
2026-01-16,18,2026-01-16T18:00:00,167.85,4045.77
2026-01-16,19,2026-01-16T19:00:00,160.71,4073.5
2026-01-16,20,2026-01-16T20:00:00,139.49,3844.72
2026-01-16,21,2026-01-16T21:00:00,123.29,4022.85
2026-01-16,22,2026-01-16T22:00:00,121.53,3843.15
2026-01-16,23,2026-01-16T23:00:00,108.86,3763.2
2026-01-17,0,2026-01-17T00:00:00,108.7,4283.12
2026-01-17,1,2026-01-17T01:00:00,102.27,4158.35
2026-01-17,2,2026-01-17T02:00:00,100.38,4190.77
2026-01-17,3,2026-01-17T03:00:00,97.21,4214.05
2026-01-17,4,2026-01-17T04:00:00,98.8,4185.62
2026-01-17,5,2026-01-17T05:00:00,100.56,4155.88
2026-01-17,6,2026-01-17T06:00:00,104.0,4337.88
2026-01-17,7,2026-01-17T07:00:00,108.37,4048.4
2026-01-17,8,2026-01-17T08:00:00,113.48,3934.43
2026-01-17,9,2026-01-17T09:00:00,120.2,3768.15
2026-01-17,10,2026-01-17T10:00:00,118.19,3592.73
2026-01-17,11,2026-01-17T11:00:00,115.9,3529.68
2026-01-17,12,2026-01-17T12:00:00,114.67,3583.1
2026-01-17,13,2026-01-17T13:00:00,111.77,3610.35
2026-01-17,14,2026-01-17T14:00:00,115.22,3644.85
2026-01-17,15,2026-01-17T15:00:00,122.91,3665.85
2026-01-17,16,2026-01-17T16:00:00,136.49,3723.75
2026-01-17,17,2026-01-17T17:00:00,141.09,3736.55
2026-01-17,18,2026-01-17T18:00:00,142.85,3803.85
2026-01-17,19,2026-01-17T19:00:00,138.59,3932.77
2026-01-17,20,2026-01-17T20:00:00,123.19,3930.15
2026-01-17,21,2026-01-17T21:00:00,112.16,4073.9
2026-01-17,22,2026-01-17T22:00:00,112.81,3807.05
2026-01-17,23,2026-01-17T23:00:00,107.02,3296.62
2026-01-18,0,2026-01-18T00:00:00,110.72,5031.77
2026-01-18,1,2026-01-18T01:00:00,109.19,5056.52
2026-01-18,2,2026-01-18T02:00:00,107.39,5056.9
2026-01-18,3,2026-01-18T03:00:00,102.54,4986.77
2026-01-18,4,2026-01-18T04:00:00,102.24,4713.07
2026-01-18,5,2026-01-18T05:00:00,102.08,4685.93
2026-01-18,6,2026-01-18T06:00:00,101.14,4686.1
2026-01-18,7,2026-01-18T07:00:00,106.95,4636.23
2026-01-18,8,2026-01-18T08:00:00,111.22,4638.5
2026-01-18,9,2026-01-18T09:00:00,107.78,4648.0
2026-01-18,10,2026-01-18T10:00:00,101.91,4533.23
2026-01-18,11,2026-01-18T11:00:00,98.87,4650.32
2026-01-18,12,2026-01-18T12:00:00,96.86,4774.07
2026-01-18,13,2026-01-18T13:00:00,96.96,4704.4
2026-01-18,14,2026-01-18T14:00:00,102.27,4701.02
2026-01-18,15,2026-01-18T15:00:00,110.06,4584.78
2026-01-18,16,2026-01-18T16:00:00,113.94,4430.22
2026-01-18,17,2026-01-18T17:00:00,125.0,4323.0
2026-01-18,18,2026-01-18T18:00:00,140.0,4449.45
2026-01-18,19,2026-01-18T19:00:00,135.97,4403.92
2026-01-18,20,2026-01-18T20:00:00,121.73,4384.25
2026-01-18,21,2026-01-18T21:00:00,115.68,4485.2
2026-01-18,22,2026-01-18T22:00:00,115.77,4325.68
2026-01-18,23,2026-01-18T23:00:00,103.74,4432.4
2026-01-19,0,2026-01-19T00:00:00,101.15,3313.15
2026-01-19,1,2026-01-19T01:00:00,100.44,3274.8
2026-01-19,2,2026-01-19T02:00:00,100.83,3378.3
2026-01-19,3,2026-01-19T03:00:00,100.44,3459.77
2026-01-19,4,2026-01-19T04:00:00,100.14,3459.98
2026-01-19,5,2026-01-19T05:00:00,108.64,3647.12
2026-01-19,6,2026-01-19T06:00:00,133.1,4060.52
2026-01-19,7,2026-01-19T07:00:00,161.03,4166.23
2026-01-19,8,2026-01-19T08:00:00,175.95,4444.68
2026-01-19,9,2026-01-19T09:00:00,161.94,4320.98
2026-01-19,10,2026-01-19T10:00:00,137.55,4539.42
2026-01-19,11,2026-01-19T11:00:00,121.51,4778.75
2026-01-19,12,2026-01-19T12:00:00,117.87,4804.0
2026-01-19,13,2026-01-19T13:00:00,125.0,4702.98
2026-01-19,14,2026-01-19T14:00:00,144.61,4511.38
2026-01-19,15,2026-01-19T15:00:00,171.22,4574.6
2026-01-19,16,2026-01-19T16:00:00,180.22,4587.88
2026-01-19,17,2026-01-19T17:00:00,197.45,4742.12
2026-01-19,18,2026-01-19T18:00:00,188.81,4590.95
2026-01-19,19,2026-01-19T19:00:00,167.49,4149.8
2026-01-19,20,2026-01-19T20:00:00,145.56,4329.02
2026-01-19,21,2026-01-19T21:00:00,131.9,4334.93
2026-01-19,22,2026-01-19T22:00:00,127.25,4316.7
2026-01-19,23,2026-01-19T23:00:00,115.43,4240.12
2026-01-20,0,2026-01-20T00:00:00,116.53,4350.2
2026-01-20,1,2026-01-20T01:00:00,114.92,4324.02
2026-01-20,2,2026-01-20T02:00:00,112.4,4354.38
2026-01-20,3,2026-01-20T03:00:00,110.87,4378.7
2026-01-20,4,2026-01-20T04:00:00,114.84,4342.7
2026-01-20,5,2026-01-20T05:00:00,125.53,4275.55
2026-01-20,6,2026-01-20T06:00:00,180.0,4272.85
2026-01-20,7,2026-01-20T07:00:00,233.02,4842.42
2026-01-20,8,2026-01-20T08:00:00,257.14,4835.1
2026-01-20,9,2026-01-20T09:00:00,178.04,4574.38
2026-01-20,10,2026-01-20T10:00:00,130.65,4604.5
2026-01-20,11,2026-01-20T11:00:00,106.88,4782.15
2026-01-20,12,2026-01-20T12:00:00,101.97,4762.3
2026-01-20,13,2026-01-20T13:00:00,104.69,4743.6
2026-01-20,14,2026-01-20T14:00:00,137.3,4628.3
2026-01-20,15,2026-01-20T15:00:00,172.11,4565.3
2026-01-20,16,2026-01-20T16:00:00,260.1,4911.55
2026-01-20,17,2026-01-20T17:00:00,231.13,4707.52
2026-01-20,18,2026-01-20T18:00:00,171.11,4351.3
2026-01-20,19,2026-01-20T19:00:00,163.65,4249.32
2026-01-20,20,2026-01-20T20:00:00,137.83,4177.65
2026-01-20,21,2026-01-20T21:00:00,135.67,4328.78
2026-01-20,22,2026-01-20T22:00:00,125.89,4127.32
2026-01-20,23,2026-01-20T23:00:00,114.1,4177.6
2026-01-21,0,2026-01-21T00:00:00,101.29,4465.68
2026-01-21,1,2026-01-21T01:00:00,105.95,4444.55
2026-01-21,2,2026-01-21T02:00:00,106.21,4477.4
2026-01-21,3,2026-01-21T03:00:00,109.67,4509.88
2026-01-21,4,2026-01-21T04:00:00,108.55,4461.93
2026-01-21,5,2026-01-21T05:00:00,108.83,4506.52
2026-01-21,6,2026-01-21T06:00:00,129.74,4318.12
2026-01-21,7,2026-01-21T07:00:00,191.53,4625.55
2026-01-21,8,2026-01-21T08:00:00,185.85,4634.62
2026-01-21,9,2026-01-21T09:00:00,146.67,4280.08
2026-01-21,10,2026-01-21T10:00:00,116.34,4328.88
2026-01-21,11,2026-01-21T11:00:00,98.8,4360.95
2026-01-21,12,2026-01-21T12:00:00,99.13,4506.07
2026-01-21,13,2026-01-21T13:00:00,110.0,4534.07
2026-01-21,14,2026-01-21T14:00:00,122.81,4401.3
2026-01-21,15,2026-01-21T15:00:00,171.39,4419.67
2026-01-21,16,2026-01-21T16:00:00,196.77,4673.32
2026-01-21,17,2026-01-21T17:00:00,215.49,4785.15
2026-01-21,18,2026-01-21T18:00:00,180.96,4521.1
2026-01-21,19,2026-01-21T19:00:00,175.7,4288.32
2026-01-21,20,2026-01-21T20:00:00,162.31,4160.88
2026-01-21,21,2026-01-21T21:00:00,136.46,4217.73
2026-01-21,22,2026-01-21T22:00:00,120.92,4128.55
2026-01-21,23,2026-01-21T23:00:00,111.1,4099.15
2026-01-22,0,2026-01-22T00:00:00,110.02,4146.35
2026-01-22,1,2026-01-22T01:00:00,112.93,4149.77
2026-01-22,2,2026-01-22T02:00:00,111.55,4144.48
2026-01-22,3,2026-01-22T03:00:00,108.78,4155.1
2026-01-22,4,2026-01-22T04:00:00,113.31,3971.4
2026-01-22,5,2026-01-22T05:00:00,115.82,3912.73
2026-01-22,6,2026-01-22T06:00:00,136.51,3853.15
2026-01-22,7,2026-01-22T07:00:00,190.08,4321.48
2026-01-22,8,2026-01-22T08:00:00,202.24,4410.45
2026-01-22,9,2026-01-22T09:00:00,196.99,4349.65
2026-01-22,10,2026-01-22T10:00:00,134.53,4195.98
2026-01-22,11,2026-01-22T11:00:00,100.7,4268.75
2026-01-22,12,2026-01-22T12:00:00,108.0,4074.8
2026-01-22,13,2026-01-22T13:00:00,103.88,4028.45
2026-01-22,14,2026-01-22T14:00:00,135.69,4040.22
2026-01-22,15,2026-01-22T15:00:00,157.46,3944.38
2026-01-22,16,2026-01-22T16:00:00,165.0,3971.47
2026-01-22,17,2026-01-22T17:00:00,188.55,4392.5
2026-01-22,18,2026-01-22T18:00:00,176.65,4218.57
2026-01-22,19,2026-01-22T19:00:00,160.0,3810.35
2026-01-22,20,2026-01-22T20:00:00,147.49,3959.47
2026-01-22,21,2026-01-22T21:00:00,120.6,3833.18
2026-01-22,22,2026-01-22T22:00:00,125.04,3775.75
2026-01-22,23,2026-01-22T23:00:00,113.68,3834.9
2026-01-23,0,2026-01-23T00:00:00,108.62,3953.72
2026-01-23,1,2026-01-23T01:00:00,108.81,3940.22
2026-01-23,2,2026-01-23T02:00:00,112.2,3985.83
2026-01-23,3,2026-01-23T03:00:00,104.56,4012.85
2026-01-23,4,2026-01-23T04:00:00,111.79,4033.35
2026-01-23,5,2026-01-23T05:00:00,109.27,3954.05
2026-01-23,6,2026-01-23T06:00:00,131.51,3896.27
2026-01-23,7,2026-01-23T07:00:00,179.78,4113.05
2026-01-23,8,2026-01-23T08:00:00,200.0,4312.0
2026-01-23,9,2026-01-23T09:00:00,201.73,4484.57
2026-01-23,10,2026-01-23T10:00:00,200.0,4287.65
2026-01-23,11,2026-01-23T11:00:00,187.63,4248.3
2026-01-23,12,2026-01-23T12:00:00,180.5,4212.82
2026-01-23,13,2026-01-23T13:00:00,181.25,4150.95
2026-01-23,14,2026-01-23T14:00:00,150.01,3885.95
2026-01-23,15,2026-01-23T15:00:00,141.3,3793.35
2026-01-23,16,2026-01-23T16:00:00,153.22,3847.15
2026-01-23,17,2026-01-23T17:00:00,164.18,3933.98
2026-01-23,18,2026-01-23T18:00:00,156.29,3940.6
2026-01-23,19,2026-01-23T19:00:00,139.87,3644.52
2026-01-23,20,2026-01-23T20:00:00,123.97,3846.7
2026-01-23,21,2026-01-23T21:00:00,117.82,3986.15
2026-01-23,22,2026-01-23T22:00:00,120.0,3730.62
2026-01-23,23,2026-01-23T23:00:00,112.47,3236.63
2026-01-24,0,2026-01-24T00:00:00,107.42,3027.55
2026-01-24,1,2026-01-24T01:00:00,106.31,3268.88
2026-01-24,2,2026-01-24T02:00:00,104.97,3277.2
2026-01-24,3,2026-01-24T03:00:00,104.02,3285.27
2026-01-24,4,2026-01-24T04:00:00,104.35,3277.58
2026-01-24,5,2026-01-24T05:00:00,105.62,3332.32
2026-01-24,6,2026-01-24T06:00:00,106.93,3343.38
2026-01-24,7,2026-01-24T07:00:00,111.22,3464.78
2026-01-24,8,2026-01-24T08:00:00,117.02,3851.17
2026-01-24,9,2026-01-24T09:00:00,131.7,3945.63
2026-01-24,10,2026-01-24T10:00:00,134.33,3848.88
2026-01-24,11,2026-01-24T11:00:00,128.17,3676.88
2026-01-24,12,2026-01-24T12:00:00,124.38,3704.0
2026-01-24,13,2026-01-24T13:00:00,121.86,3757.97
2026-01-24,14,2026-01-24T14:00:00,121.59,3760.03
2026-01-24,15,2026-01-24T15:00:00,129.76,3787.2
2026-01-24,16,2026-01-24T16:00:00,138.11,4049.57
2026-01-24,17,2026-01-24T17:00:00,148.93,4484.07
2026-01-24,18,2026-01-24T18:00:00,143.71,4480.85
2026-01-24,19,2026-01-24T19:00:00,133.66,4154.07
2026-01-24,20,2026-01-24T20:00:00,121.66,3999.3
2026-01-24,21,2026-01-24T21:00:00,114.58,4116.45
2026-01-24,22,2026-01-24T22:00:00,115.64,4062.48
2026-01-24,23,2026-01-24T23:00:00,108.39,4149.8
2026-01-25,0,2026-01-25T00:00:00,102.04,3562.43
2026-01-25,1,2026-01-25T01:00:00,102.03,3505.6
2026-01-25,2,2026-01-25T02:00:00,102.22,3483.0
2026-01-25,3,2026-01-25T03:00:00,103.56,3567.07
2026-01-25,4,2026-01-25T04:00:00,102.38,3522.95
2026-01-25,5,2026-01-25T05:00:00,102.67,3506.32
2026-01-25,6,2026-01-25T06:00:00,102.21,3431.1
2026-01-25,7,2026-01-25T07:00:00,104.92,3299.45
2026-01-25,8,2026-01-25T08:00:00,110.49,3210.55
2026-01-25,9,2026-01-25T09:00:00,117.84,3116.75
2026-01-25,10,2026-01-25T10:00:00,128.22,2990.52
2026-01-25,11,2026-01-25T11:00:00,122.25,3111.43
2026-01-25,12,2026-01-25T12:00:00,128.85,3004.0
2026-01-25,13,2026-01-25T13:00:00,124.93,3187.8
2026-01-25,14,2026-01-25T14:00:00,120.0,3761.18
2026-01-25,15,2026-01-25T15:00:00,116.0,3724.5
2026-01-25,16,2026-01-25T16:00:00,120.76,3651.05
2026-01-25,17,2026-01-25T17:00:00,134.19,3724.12
2026-01-25,18,2026-01-25T18:00:00,137.88,3937.52
2026-01-25,19,2026-01-25T19:00:00,132.58,3790.55
2026-01-25,20,2026-01-25T20:00:00,124.45,3774.38
2026-01-25,21,2026-01-25T21:00:00,114.02,3908.43
2026-01-25,22,2026-01-25T22:00:00,111.94,3847.12
2026-01-25,23,2026-01-25T23:00:00,104.49,3907.2
2026-01-26,0,2026-01-26T00:00:00,103.93,3592.65
2026-01-26,1,2026-01-26T01:00:00,101.51,3320.12
2026-01-26,2,2026-01-26T02:00:00,99.01,3266.22
2026-01-26,3,2026-01-26T03:00:00,96.59,3377.43
2026-01-26,4,2026-01-26T04:00:00,95.87,3394.75
2026-01-26,5,2026-01-26T05:00:00,106.05,3799.2
2026-01-26,6,2026-01-26T06:00:00,122.75,3892.15
2026-01-26,7,2026-01-26T07:00:00,162.08,4161.18
2026-01-26,8,2026-01-26T08:00:00,183.71,4475.35
2026-01-26,9,2026-01-26T09:00:00,187.9,4525.32
2026-01-26,10,2026-01-26T10:00:00,184.27,4431.03
2026-01-26,11,2026-01-26T11:00:00,181.06,4430.05
2026-01-26,12,2026-01-26T12:00:00,168.28,4291.62
2026-01-26,13,2026-01-26T13:00:00,170.96,4143.32
2026-01-26,14,2026-01-26T14:00:00,171.88,4263.3
2026-01-26,15,2026-01-26T15:00:00,187.14,4420.4
2026-01-26,16,2026-01-26T16:00:00,199.8,4539.77
2026-01-26,17,2026-01-26T17:00:00,221.79,4771.12
2026-01-26,18,2026-01-26T18:00:00,206.05,4502.43
2026-01-26,19,2026-01-26T19:00:00,194.48,4400.35
2026-01-26,20,2026-01-26T20:00:00,175.48,4340.15
2026-01-26,21,2026-01-26T21:00:00,144.24,4413.65
2026-01-26,22,2026-01-26T22:00:00,127.76,4219.0
2026-01-26,23,2026-01-26T23:00:00,114.43,4299.43
2026-01-27,0,2026-01-27T00:00:00,120.79,4436.32
2026-01-27,1,2026-01-27T01:00:00,116.01,4302.35
2026-01-27,2,2026-01-27T02:00:00,116.09,4319.73
2026-01-27,3,2026-01-27T03:00:00,118.08,4297.25
2026-01-27,4,2026-01-27T04:00:00,118.88,4332.07
2026-01-27,5,2026-01-27T05:00:00,122.82,4325.88
2026-01-27,6,2026-01-27T06:00:00,147.39,4327.0
2026-01-27,7,2026-01-27T07:00:00,233.24,4911.35
2026-01-27,8,2026-01-27T08:00:00,232.94,4919.27
2026-01-27,9,2026-01-27T09:00:00,204.03,4691.15
2026-01-27,10,2026-01-27T10:00:00,168.2,4397.82
2026-01-27,11,2026-01-27T11:00:00,152.12,4458.0
2026-01-27,12,2026-01-27T12:00:00,143.43,4488.98
2026-01-27,13,2026-01-27T13:00:00,146.33,4706.62
2026-01-27,14,2026-01-27T14:00:00,168.9,4577.97
2026-01-27,15,2026-01-27T15:00:00,200.0,4699.95
2026-01-27,16,2026-01-27T16:00:00,214.1,5022.0
2026-01-27,17,2026-01-27T17:00:00,221.09,4913.68
2026-01-27,18,2026-01-27T18:00:00,213.8,4711.57
2026-01-27,19,2026-01-27T19:00:00,213.06,4635.8
2026-01-27,20,2026-01-27T20:00:00,184.09,4634.8
2026-01-27,21,2026-01-27T21:00:00,137.22,4327.47
2026-01-27,22,2026-01-27T22:00:00,128.88,4143.1
2026-01-27,23,2026-01-27T23:00:00,119.23,4320.3
2026-01-28,0,2026-01-28T00:00:00,114.27,4442.98
2026-01-28,1,2026-01-28T01:00:00,110.53,4380.43
2026-01-28,2,2026-01-28T02:00:00,108.25,4418.65
2026-01-28,3,2026-01-28T03:00:00,108.27,4485.57
2026-01-28,4,2026-01-28T04:00:00,113.09,4466.52
2026-01-28,5,2026-01-28T05:00:00,118.36,4306.58
2026-01-28,6,2026-01-28T06:00:00,151.33,4508.95
2026-01-28,7,2026-01-28T07:00:00,186.87,4927.75
2026-01-28,8,2026-01-28T08:00:00,207.77,5317.75
2026-01-28,9,2026-01-28T09:00:00,204.59,5111.25
2026-01-28,10,2026-01-28T10:00:00,189.31,4521.4
2026-01-28,11,2026-01-28T11:00:00,182.08,4448.95
2026-01-28,12,2026-01-28T12:00:00,173.87,4342.65
2026-01-28,13,2026-01-28T13:00:00,172.13,4265.9
2026-01-28,14,2026-01-28T14:00:00,171.62,4062.75
2026-01-28,15,2026-01-28T15:00:00,178.49,4048.6
2026-01-28,16,2026-01-28T16:00:00,185.0,4902.45
2026-01-28,17,2026-01-28T17:00:00,185.0,4946.25
2026-01-28,18,2026-01-28T18:00:00,170.43,4936.62
2026-01-28,19,2026-01-28T19:00:00,161.23,4875.68
2026-01-28,20,2026-01-28T20:00:00,140.92,4425.45
2026-01-28,21,2026-01-28T21:00:00,125.42,4364.68
2026-01-28,22,2026-01-28T22:00:00,120.88,4148.18
2026-01-28,23,2026-01-28T23:00:00,112.52,2913.62
2026-01-29,0,2026-01-29T00:00:00,104.93,3040.23
2026-01-29,1,2026-01-29T01:00:00,104.04,2999.0
2026-01-29,2,2026-01-29T02:00:00,101.98,3064.57
2026-01-29,3,2026-01-29T03:00:00,100.41,3737.35
2026-01-29,4,2026-01-29T04:00:00,101.54,3693.35
2026-01-29,5,2026-01-29T05:00:00,108.84,3857.4
2026-01-29,6,2026-01-29T06:00:00,126.49,4397.7
2026-01-29,7,2026-01-29T07:00:00,159.63,4516.0
2026-01-29,8,2026-01-29T08:00:00,172.32,4601.55
2026-01-29,9,2026-01-29T09:00:00,177.41,4492.18
2026-01-29,10,2026-01-29T10:00:00,173.03,4286.33
2026-01-29,11,2026-01-29T11:00:00,167.85,4283.43
2026-01-29,12,2026-01-29T12:00:00,160.6,4578.0
2026-01-29,13,2026-01-29T13:00:00,160.73,4510.88
2026-01-29,14,2026-01-29T14:00:00,160.95,4615.57
2026-01-29,15,2026-01-29T15:00:00,158.56,4604.93
2026-01-29,16,2026-01-29T16:00:00,161.88,4431.3
2026-01-29,17,2026-01-29T17:00:00,164.45,4493.5
2026-01-29,18,2026-01-29T18:00:00,160.26,4305.18
2026-01-29,19,2026-01-29T19:00:00,154.12,4328.95
2026-01-29,20,2026-01-29T20:00:00,135.24,4463.27
2026-01-29,21,2026-01-29T21:00:00,122.48,4431.32
2026-01-29,22,2026-01-29T22:00:00,117.0,4211.88
2026-01-29,23,2026-01-29T23:00:00,103.25,4290.23
2026-01-30,0,2026-01-30T00:00:00,111.07,3864.9
2026-01-30,1,2026-01-30T01:00:00,103.31,3605.3
2026-01-30,2,2026-01-30T02:00:00,101.06,3674.97
2026-01-30,3,2026-01-30T03:00:00,97.83,3555.18
2026-01-30,4,2026-01-30T04:00:00,98.03,3698.05
2026-01-30,5,2026-01-30T05:00:00,103.54,3802.02
2026-01-30,6,2026-01-30T06:00:00,121.04,4191.5
2026-01-30,7,2026-01-30T07:00:00,143.99,4286.1
2026-01-30,8,2026-01-30T08:00:00,154.91,4457.4
2026-01-30,9,2026-01-30T09:00:00,160.58,4457.57
2026-01-30,10,2026-01-30T10:00:00,153.22,4296.45
2026-01-30,11,2026-01-30T11:00:00,148.23,4182.0
2026-01-30,12,2026-01-30T12:00:00,140.08,4027.65
2026-01-30,13,2026-01-30T13:00:00,135.67,3881.37
2026-01-30,14,2026-01-30T14:00:00,140.0,4048.6
2026-01-30,15,2026-01-30T15:00:00,136.14,3927.57
2026-01-30,16,2026-01-30T16:00:00,131.96,3935.15
2026-01-30,17,2026-01-30T17:00:00,135.95,3984.82
2026-01-30,18,2026-01-30T18:00:00,131.19,3966.8
2026-01-30,19,2026-01-30T19:00:00,127.03,4003.65
2026-01-30,20,2026-01-30T20:00:00,118.59,4203.0
2026-01-30,21,2026-01-30T21:00:00,112.67,4145.32
2026-01-30,22,2026-01-30T22:00:00,109.13,3418.77
2026-01-30,23,2026-01-30T23:00:00,103.23,3475.67
2026-01-31,0,2026-01-31T00:00:00,100.22,3354.82
2026-01-31,1,2026-01-31T01:00:00,97.97,3519.38
2026-01-31,2,2026-01-31T02:00:00,96.1,3532.88
2026-01-31,3,2026-01-31T03:00:00,96.9,3563.9
2026-01-31,4,2026-01-31T04:00:00,98.47,3545.45
2026-01-31,5,2026-01-31T05:00:00,100.71,3546.05
2026-01-31,6,2026-01-31T06:00:00,103.93,3496.12
2026-01-31,7,2026-01-31T07:00:00,105.32,3613.18
2026-01-31,8,2026-01-31T08:00:00,112.85,4009.93
2026-01-31,9,2026-01-31T09:00:00,116.32,3981.6
2026-01-31,10,2026-01-31T10:00:00,120.58,3863.07
2026-01-31,11,2026-01-31T11:00:00,117.02,3781.85
2026-01-31,12,2026-01-31T12:00:00,115.09,3801.88
2026-01-31,13,2026-01-31T13:00:00,111.11,3798.85
2026-01-31,14,2026-01-31T14:00:00,112.58,3850.0
2026-01-31,15,2026-01-31T15:00:00,114.94,3869.32
2026-01-31,16,2026-01-31T16:00:00,123.93,3965.5
2026-01-31,17,2026-01-31T17:00:00,137.85,4300.85
2026-01-31,18,2026-01-31T18:00:00,138.97,4333.3
2026-01-31,19,2026-01-31T19:00:00,135.94,4454.2
2026-01-31,20,2026-01-31T20:00:00,126.07,4093.62
2026-01-31,21,2026-01-31T21:00:00,114.61,3958.5
2026-01-31,22,2026-01-31T22:00:00,115.82,3272.47
2026-01-31,23,2026-01-31T23:00:00,106.64,3362.72
2026-02-01,0,2026-02-01T00:00:00,100.2,3252.12
2026-02-01,1,2026-02-01T01:00:00,98.73,3413.6
2026-02-01,2,2026-02-01T02:00:00,99.22,3541.18
2026-02-01,3,2026-02-01T03:00:00,96.26,3560.97
2026-02-01,4,2026-02-01T04:00:00,98.31,3606.18
2026-02-01,5,2026-02-01T05:00:00,98.22,3722.78
2026-02-01,6,2026-02-01T06:00:00,97.05,3771.97
2026-02-01,7,2026-02-01T07:00:00,103.33,3648.62
2026-02-01,8,2026-02-01T08:00:00,107.79,3497.2
2026-02-01,9,2026-02-01T09:00:00,110.35,3328.68
2026-02-01,10,2026-02-01T10:00:00,110.99,3195.23
2026-02-01,11,2026-02-01T11:00:00,109.62,3144.0
2026-02-01,12,2026-02-01T12:00:00,108.55,3208.17
2026-02-01,13,2026-02-01T13:00:00,100.59,3178.98
2026-02-01,14,2026-02-01T14:00:00,102.58,3226.6
2026-02-01,15,2026-02-01T15:00:00,109.44,3466.02
2026-02-01,16,2026-02-01T16:00:00,115.35,3993.7
2026-02-01,17,2026-02-01T17:00:00,130.49,4228.57
2026-02-01,18,2026-02-01T18:00:00,137.69,4428.85
2026-02-01,19,2026-02-01T19:00:00,138.11,4457.6
2026-02-01,20,2026-02-01T20:00:00,126.86,4128.5
2026-02-01,21,2026-02-01T21:00:00,113.95,3615.68
2026-02-01,22,2026-02-01T22:00:00,115.46,3379.68
2026-02-01,23,2026-02-01T23:00:00,108.72,3467.65
2026-02-02,0,2026-02-02T00:00:00,100.38,3407.67
2026-02-02,1,2026-02-02T01:00:00,98.26,3354.97
2026-02-02,2,2026-02-02T02:00:00,97.11,3443.25
2026-02-02,3,2026-02-02T03:00:00,98.48,3503.32
2026-02-02,4,2026-02-02T04:00:00,99.71,3489.25
2026-02-02,5,2026-02-02T05:00:00,106.67,3360.15
2026-02-02,6,2026-02-02T06:00:00,131.45,3927.1
2026-02-02,7,2026-02-02T07:00:00,159.43,4400.95
2026-02-02,8,2026-02-02T08:00:00,163.63,4392.98
2026-02-02,9,2026-02-02T09:00:00,158.39,4340.85
2026-02-02,10,2026-02-02T10:00:00,150.0,4234.15
2026-02-02,11,2026-02-02T11:00:00,143.41,4247.22
2026-02-02,12,2026-02-02T12:00:00,140.0,4250.6
2026-02-02,13,2026-02-02T13:00:00,150.23,4278.3
2026-02-02,14,2026-02-02T14:00:00,151.45,4385.55
2026-02-02,15,2026-02-02T15:00:00,142.98,4179.45
2026-02-02,16,2026-02-02T16:00:00,161.22,4378.35
2026-02-02,17,2026-02-02T17:00:00,161.74,4404.02
2026-02-02,18,2026-02-02T18:00:00,140.59,4081.05
2026-02-02,19,2026-02-02T19:00:00,137.4,4103.5
2026-02-02,20,2026-02-02T20:00:00,127.89,3868.12
2026-02-02,21,2026-02-02T21:00:00,106.72,3736.3
2026-02-02,22,2026-02-02T22:00:00,105.81,3087.82
2026-02-02,23,2026-02-02T23:00:00,99.74,3208.6
2026-02-03,0,2026-02-03T00:00:00,98.79,3521.3
2026-02-03,1,2026-02-03T01:00:00,97.39,3499.38
2026-02-03,2,2026-02-03T02:00:00,95.49,3584.03
2026-02-03,3,2026-02-03T03:00:00,93.15,3313.48
2026-02-03,4,2026-02-03T04:00:00,93.15,3410.93
2026-02-03,5,2026-02-03T05:00:00,99.5,3754.6
2026-02-03,6,2026-02-03T06:00:00,112.39,3904.0
2026-02-03,7,2026-02-03T07:00:00,154.15,4402.0
2026-02-03,8,2026-02-03T08:00:00,156.57,4436.25
2026-02-03,9,2026-02-03T09:00:00,162.38,4391.57
2026-02-03,10,2026-02-03T10:00:00,155.0,4280.88
2026-02-03,11,2026-02-03T11:00:00,145.0,4088.48
2026-02-03,12,2026-02-03T12:00:00,144.62,4020.68
2026-02-03,13,2026-02-03T13:00:00,146.89,4216.78
2026-02-03,14,2026-02-03T14:00:00,158.07,4444.42
2026-02-03,15,2026-02-03T15:00:00,155.0,4355.17
2026-02-03,16,2026-02-03T16:00:00,145.0,4177.45
2026-02-03,17,2026-02-03T17:00:00,133.32,3797.62
2026-02-03,18,2026-02-03T18:00:00,130.15,3786.18
2026-02-03,19,2026-02-03T19:00:00,129.96,3789.3
2026-02-03,20,2026-02-03T20:00:00,123.11,3815.35
2026-02-03,21,2026-02-03T21:00:00,111.62,3967.43
2026-02-03,22,2026-02-03T22:00:00,107.94,3671.43
2026-02-03,23,2026-02-03T23:00:00,101.96,3232.43
2026-02-04,0,2026-02-04T00:00:00,100.78,3193.82
2026-02-04,1,2026-02-04T01:00:00,100.27,3252.12
2026-02-04,2,2026-02-04T02:00:00,99.64,3271.5
2026-02-04,3,2026-02-04T03:00:00,98.57,3301.35
2026-02-04,4,2026-02-04T04:00:00,100.14,3587.9
2026-02-04,5,2026-02-04T05:00:00,103.47,3862.25
2026-02-04,6,2026-02-04T06:00:00,121.49,3796.22
2026-02-04,7,2026-02-04T07:00:00,155.41,4326.93
2026-02-04,8,2026-02-04T08:00:00,158.67,4416.35
2026-02-04,9,2026-02-04T09:00:00,175.0,4266.55
2026-02-04,10,2026-02-04T10:00:00,177.63,4150.85
2026-02-04,11,2026-02-04T11:00:00,139.99,3949.08
2026-02-04,12,2026-02-04T12:00:00,126.98,3940.15
2026-02-04,13,2026-02-04T13:00:00,134.22,3884.47
2026-02-04,14,2026-02-04T14:00:00,150.0,4085.62
2026-02-04,15,2026-02-04T15:00:00,142.45,4025.03
2026-02-04,16,2026-02-04T16:00:00,144.0,3957.88
2026-02-04,17,2026-02-04T17:00:00,144.03,4012.1
2026-02-04,18,2026-02-04T18:00:00,138.51,3809.95
2026-02-04,19,2026-02-04T19:00:00,131.62,3947.42
2026-02-04,20,2026-02-04T20:00:00,120.15,4020.85
2026-02-04,21,2026-02-04T21:00:00,104.1,3967.62
2026-02-04,22,2026-02-04T22:00:00,99.89,3654.2
2026-02-04,23,2026-02-04T23:00:00,88.33,3004.68
2026-02-05,0,2026-02-05T00:00:00,92.67,3243.95
2026-02-05,1,2026-02-05T01:00:00,90.37,3256.48
2026-02-05,2,2026-02-05T02:00:00,89.9,3321.6
2026-02-05,3,2026-02-05T03:00:00,92.55,3490.85
2026-02-05,4,2026-02-05T04:00:00,94.82,3633.88
2026-02-05,5,2026-02-05T05:00:00,97.42,3798.55
2026-02-05,6,2026-02-05T06:00:00,116.81,4097.5
2026-02-05,7,2026-02-05T07:00:00,130.79,4105.23
2026-02-05,8,2026-02-05T08:00:00,137.79,4207.65
2026-02-05,9,2026-02-05T09:00:00,134.38,4160.7
2026-02-05,10,2026-02-05T10:00:00,131.57,3945.97
2026-02-05,11,2026-02-05T11:00:00,131.01,3974.25
2026-02-05,12,2026-02-05T12:00:00,123.14,4089.02
2026-02-05,13,2026-02-05T13:00:00,124.3,3921.35
2026-02-05,14,2026-02-05T14:00:00,126.99,4121.7
2026-02-05,15,2026-02-05T15:00:00,134.65,4117.75
2026-02-05,16,2026-02-05T16:00:00,139.02,4212.05
2026-02-05,17,2026-02-05T17:00:00,146.47,4457.3
2026-02-05,18,2026-02-05T18:00:00,142.48,4257.6
2026-02-05,19,2026-02-05T19:00:00,140.67,4263.02
2026-02-05,20,2026-02-05T20:00:00,132.02,4345.95
2026-02-05,21,2026-02-05T21:00:00,119.27,4478.5
2026-02-05,22,2026-02-05T22:00:00,113.35,4107.22
2026-02-05,23,2026-02-05T23:00:00,104.34,4323.53
2026-02-06,0,2026-02-06T00:00:00,100.69,3611.35
2026-02-06,1,2026-02-06T01:00:00,101.09,3439.03
2026-02-06,2,2026-02-06T02:00:00,101.24,3471.25
2026-02-06,3,2026-02-06T03:00:00,102.63,3538.57
2026-02-06,4,2026-02-06T04:00:00,103.89,3507.75
2026-02-06,5,2026-02-06T05:00:00,106.01,3687.22
2026-02-06,6,2026-02-06T06:00:00,123.06,4186.1
2026-02-06,7,2026-02-06T07:00:00,144.0,4213.3
2026-02-06,8,2026-02-06T08:00:00,148.22,4271.38
2026-02-06,9,2026-02-06T09:00:00,147.3,4061.92
2026-02-06,10,2026-02-06T10:00:00,146.22,4016.62
2026-02-06,11,2026-02-06T11:00:00,144.27,4024.48
2026-02-06,12,2026-02-06T12:00:00,142.06,3957.5
2026-02-06,13,2026-02-06T13:00:00,143.12,3944.43
2026-02-06,14,2026-02-06T14:00:00,143.58,4061.35
2026-02-06,15,2026-02-06T15:00:00,148.91,4045.88
2026-02-06,16,2026-02-06T16:00:00,155.0,4335.05
2026-02-06,17,2026-02-06T17:00:00,162.72,4408.05
2026-02-06,18,2026-02-06T18:00:00,153.36,4347.43
2026-02-06,19,2026-02-06T19:00:00,151.54,4346.75
2026-02-06,20,2026-02-06T20:00:00,138.9,4402.95
2026-02-06,21,2026-02-06T21:00:00,120.67,4301.55
2026-02-06,22,2026-02-06T22:00:00,113.72,4069.65
2026-02-06,23,2026-02-06T23:00:00,106.72,4257.62
2026-02-07,0,2026-02-07T00:00:00,104.45,4410.35
2026-02-07,1,2026-02-07T01:00:00,101.49,4413.6
2026-02-07,2,2026-02-07T02:00:00,100.21,4412.48
2026-02-07,3,2026-02-07T03:00:00,99.82,4425.47
2026-02-07,4,2026-02-07T04:00:00,99.87,4415.82
2026-02-07,5,2026-02-07T05:00:00,99.75,4413.85
2026-02-07,6,2026-02-07T06:00:00,101.08,4429.62
2026-02-07,7,2026-02-07T07:00:00,108.13,4334.98
2026-02-07,8,2026-02-07T08:00:00,116.26,4069.57
2026-02-07,9,2026-02-07T09:00:00,120.56,3955.18
2026-02-07,10,2026-02-07T10:00:00,113.82,3810.58
2026-02-07,11,2026-02-07T11:00:00,109.07,3766.58
2026-02-07,12,2026-02-07T12:00:00,105.29,3927.62
2026-02-07,13,2026-02-07T13:00:00,104.65,3910.95
2026-02-07,14,2026-02-07T14:00:00,107.64,4002.5
2026-02-07,15,2026-02-07T15:00:00,112.57,4053.97
2026-02-07,16,2026-02-07T16:00:00,125.14,4204.07
2026-02-07,17,2026-02-07T17:00:00,137.36,4364.02
2026-02-07,18,2026-02-07T18:00:00,137.19,4317.68
2026-02-07,19,2026-02-07T19:00:00,128.96,4286.25
2026-02-07,20,2026-02-07T20:00:00,119.46,4253.55
2026-02-07,21,2026-02-07T21:00:00,109.31,4309.62
2026-02-07,22,2026-02-07T22:00:00,106.47,4297.33
2026-02-07,23,2026-02-07T23:00:00,99.3,4370.92
2026-02-08,0,2026-02-08T00:00:00,102.82,4157.73
2026-02-08,1,2026-02-08T01:00:00,99.83,3975.95
2026-02-08,2,2026-02-08T02:00:00,99.08,3984.35
2026-02-08,3,2026-02-08T03:00:00,98.4,3994.68
2026-02-08,4,2026-02-08T04:00:00,96.92,3984.62
2026-02-08,5,2026-02-08T05:00:00,97.8,4032.35
2026-02-08,6,2026-02-08T06:00:00,97.21,3962.97
2026-02-08,7,2026-02-08T07:00:00,97.9,3844.53
2026-02-08,8,2026-02-08T08:00:00,102.29,3695.7
2026-02-08,9,2026-02-08T09:00:00,104.14,3537.25
2026-02-08,10,2026-02-08T10:00:00,106.71,3383.1
2026-02-08,11,2026-02-08T11:00:00,104.1,3317.85
2026-02-08,12,2026-02-08T12:00:00,100.62,3350.4
2026-02-08,13,2026-02-08T13:00:00,99.55,3344.55
2026-02-08,14,2026-02-08T14:00:00,100.64,3377.22
2026-02-08,15,2026-02-08T15:00:00,105.98,3667.95
2026-02-08,16,2026-02-08T16:00:00,115.15,4183.23
2026-02-08,17,2026-02-08T17:00:00,130.12,4251.83
2026-02-08,18,2026-02-08T18:00:00,131.83,4218.33
2026-02-08,19,2026-02-08T19:00:00,127.06,4270.98
2026-02-08,20,2026-02-08T20:00:00,118.76,4278.85
2026-02-08,21,2026-02-08T21:00:00,109.79,4355.95
2026-02-08,22,2026-02-08T22:00:00,107.09,4081.93
2026-02-08,23,2026-02-08T23:00:00,100.87,3559.77
2026-02-09,0,2026-02-09T00:00:00,98.88,3699.95
2026-02-09,1,2026-02-09T01:00:00,97.65,3621.65
2026-02-09,2,2026-02-09T02:00:00,98.05,3717.62
2026-02-09,3,2026-02-09T03:00:00,98.22,3816.4
2026-02-09,4,2026-02-09T04:00:00,99.53,3851.85
2026-02-09,5,2026-02-09T05:00:00,107.0,3781.82
2026-02-09,6,2026-02-09T06:00:00,135.22,3974.65
2026-02-09,7,2026-02-09T07:00:00,161.44,4566.27
2026-02-09,8,2026-02-09T08:00:00,179.88,4752.35
2026-02-09,9,2026-02-09T09:00:00,171.61,4682.75
2026-02-09,10,2026-02-09T10:00:00,160.68,4544.27
2026-02-09,11,2026-02-09T11:00:00,147.41,4501.32
2026-02-09,12,2026-02-09T12:00:00,139.71,4512.82
2026-02-09,13,2026-02-09T13:00:00,138.88,4446.55
2026-02-09,14,2026-02-09T14:00:00,141.59,4633.2
2026-02-09,15,2026-02-09T15:00:00,153.55,4773.2
2026-02-09,16,2026-02-09T16:00:00,174.64,4955.3
2026-02-09,17,2026-02-09T17:00:00,219.5,5178.15
2026-02-09,18,2026-02-09T18:00:00,185.83,5055.17
2026-02-09,19,2026-02-09T19:00:00,168.62,4865.62
2026-02-09,20,2026-02-09T20:00:00,147.13,4960.35
2026-02-09,21,2026-02-09T21:00:00,138.5,4706.35
2026-02-09,22,2026-02-09T22:00:00,126.17,4017.5
2026-02-09,23,2026-02-09T23:00:00,112.19,3985.45
2026-02-10,0,2026-02-10T00:00:00,108.56,4697.9
2026-02-10,1,2026-02-10T01:00:00,107.82,4695.6
2026-02-10,2,2026-02-10T02:00:00,106.98,4786.0
2026-02-10,3,2026-02-10T03:00:00,107.87,4815.18
2026-02-10,4,2026-02-10T04:00:00,108.24,4781.15
2026-02-10,5,2026-02-10T05:00:00,111.19,4611.35
2026-02-10,6,2026-02-10T06:00:00,131.38,4663.92
2026-02-10,7,2026-02-10T07:00:00,155.61,4870.75
2026-02-10,8,2026-02-10T08:00:00,158.57,4937.38
2026-02-10,9,2026-02-10T09:00:00,145.47,4614.23
2026-02-10,10,2026-02-10T10:00:00,135.57,4533.95
2026-02-10,11,2026-02-10T11:00:00,126.35,4551.33
2026-02-10,12,2026-02-10T12:00:00,119.49,4585.67
2026-02-10,13,2026-02-10T13:00:00,121.31,4580.2
2026-02-10,14,2026-02-10T14:00:00,131.36,4698.7
2026-02-10,15,2026-02-10T15:00:00,141.6,4590.05
2026-02-10,16,2026-02-10T16:00:00,151.69,4670.9
2026-02-10,17,2026-02-10T17:00:00,157.74,4686.55
2026-02-10,18,2026-02-10T18:00:00,149.7,4394.65
2026-02-10,19,2026-02-10T19:00:00,141.4,4413.52
2026-02-10,20,2026-02-10T20:00:00,129.24,4663.45
2026-02-10,21,2026-02-10T21:00:00,117.8,4580.5
2026-02-10,22,2026-02-10T22:00:00,113.55,4350.95
2026-02-10,23,2026-02-10T23:00:00,105.78,4544.45
2026-02-11,0,2026-02-11T00:00:00,101.24,4819.68
2026-02-11,1,2026-02-11T01:00:00,100.87,4715.27
2026-02-11,2,2026-02-11T02:00:00,100.22,4788.35
2026-02-11,3,2026-02-11T03:00:00,99.72,4846.77
2026-02-11,4,2026-02-11T04:00:00,99.89,4821.62
2026-02-11,5,2026-02-11T05:00:00,104.5,4632.6
2026-02-11,6,2026-02-11T06:00:00,115.84,4525.35
2026-02-11,7,2026-02-11T07:00:00,134.8,4759.85
2026-02-11,8,2026-02-11T08:00:00,143.25,4782.32
2026-02-11,9,2026-02-11T09:00:00,136.83,4638.18
2026-02-11,10,2026-02-11T10:00:00,133.77,4423.17
2026-02-11,11,2026-02-11T11:00:00,133.86,4441.57
2026-02-11,12,2026-02-11T12:00:00,122.87,4395.32
2026-02-11,13,2026-02-11T13:00:00,124.17,4329.75
2026-02-11,14,2026-02-11T14:00:00,124.14,4386.15
2026-02-11,15,2026-02-11T15:00:00,128.03,4405.55
2026-02-11,16,2026-02-11T16:00:00,134.4,4457.2
2026-02-11,17,2026-02-11T17:00:00,139.64,4477.88
2026-02-11,18,2026-02-11T18:00:00,133.36,4424.35
2026-02-11,19,2026-02-11T19:00:00,127.35,4454.3
2026-02-11,20,2026-02-11T20:00:00,118.79,4549.7
2026-02-11,21,2026-02-11T21:00:00,111.59,4621.33
2026-02-11,22,2026-02-11T22:00:00,108.0,4252.1
2026-02-11,23,2026-02-11T23:00:00,101.25,3888.77
2026-02-12,0,2026-02-12T00:00:00,93.69,3817.38
2026-02-12,1,2026-02-12T01:00:00,93.66,3612.95
2026-02-12,2,2026-02-12T02:00:00,92.48,3629.22
2026-02-12,3,2026-02-12T03:00:00,91.7,3626.07
2026-02-12,4,2026-02-12T04:00:00,92.93,3345.7
2026-02-12,5,2026-02-12T05:00:00,97.32,3436.05
2026-02-12,6,2026-02-12T06:00:00,114.01,3839.35
2026-02-12,7,2026-02-12T07:00:00,128.54,4187.88
2026-02-12,8,2026-02-12T08:00:00,130.37,4217.48
2026-02-12,9,2026-02-12T09:00:00,126.38,3998.88
2026-02-12,10,2026-02-12T10:00:00,121.71,3872.93
2026-02-12,11,2026-02-12T11:00:00,116.11,3861.22
2026-02-12,12,2026-02-12T12:00:00,110.98,3808.68
2026-02-12,13,2026-02-12T13:00:00,111.05,3724.8
2026-02-12,14,2026-02-12T14:00:00,114.93,3767.75
2026-02-12,15,2026-02-12T15:00:00,123.81,3890.72
2026-02-12,16,2026-02-12T16:00:00,131.59,4176.57
2026-02-12,17,2026-02-12T17:00:00,142.33,4313.82
2026-02-12,18,2026-02-12T18:00:00,136.26,4265.75
2026-02-12,19,2026-02-12T19:00:00,132.07,4156.42
2026-02-12,20,2026-02-12T20:00:00,124.64,4114.52
2026-02-12,21,2026-02-12T21:00:00,109.63,3946.15
2026-02-12,22,2026-02-12T22:00:00,104.83,3770.65
2026-02-12,23,2026-02-12T23:00:00,95.47,3245.68
2026-02-13,0,2026-02-13T00:00:00,88.89,3228.22
2026-02-13,1,2026-02-13T01:00:00,88.95,3189.6
2026-02-13,2,2026-02-13T02:00:00,87.77,3283.1
2026-02-13,3,2026-02-13T03:00:00,87.37,3338.85
2026-02-13,4,2026-02-13T04:00:00,88.95,3286.5
2026-02-13,5,2026-02-13T05:00:00,92.29,3515.15
2026-02-13,6,2026-02-13T06:00:00,102.49,3853.82
2026-02-13,7,2026-02-13T07:00:00,120.47,4106.97
2026-02-13,8,2026-02-13T08:00:00,125.46,4266.82
2026-02-13,9,2026-02-13T09:00:00,120.33,4316.27
2026-02-13,10,2026-02-13T10:00:00,107.62,3962.05
2026-02-13,11,2026-02-13T11:00:00,102.49,3836.1
2026-02-13,12,2026-02-13T12:00:00,98.5,3808.28
2026-02-13,13,2026-02-13T13:00:00,99.33,3768.68
2026-02-13,14,2026-02-13T14:00:00,103.84,3823.3
2026-02-13,15,2026-02-13T15:00:00,122.53,3831.45
2026-02-13,16,2026-02-13T16:00:00,130.11,4141.23
2026-02-13,17,2026-02-13T17:00:00,135.44,4233.27
2026-02-13,18,2026-02-13T18:00:00,135.35,4044.62
2026-02-13,19,2026-02-13T19:00:00,131.57,3603.75
2026-02-13,20,2026-02-13T20:00:00,128.44,3240.32
2026-02-13,21,2026-02-13T21:00:00,123.37,3033.8
2026-02-13,22,2026-02-13T22:00:00,114.54,2800.6
2026-02-13,23,2026-02-13T23:00:00,104.6,2896.05
2026-02-14,0,2026-02-14T00:00:00,100.57,2141.5
2026-02-14,1,2026-02-14T01:00:00,95.98,2680.38
2026-02-14,2,2026-02-14T02:00:00,93.71,2971.12
2026-02-14,3,2026-02-14T03:00:00,93.59,3058.88
2026-02-14,4,2026-02-14T04:00:00,92.53,3063.25
2026-02-14,5,2026-02-14T05:00:00,93.92,3106.82
2026-02-14,6,2026-02-14T06:00:00,95.28,2830.22
2026-02-14,7,2026-02-14T07:00:00,98.09,2733.32
2026-02-14,8,2026-02-14T08:00:00,108.22,2728.08
2026-02-14,9,2026-02-14T09:00:00,114.01,2576.7
2026-02-14,10,2026-02-14T10:00:00,110.84,2597.38
2026-02-14,11,2026-02-14T11:00:00,104.48,2766.05
2026-02-14,12,2026-02-14T12:00:00,100.97,2715.05
2026-02-14,13,2026-02-14T13:00:00,100.06,2720.72
2026-02-14,14,2026-02-14T14:00:00,102.64,2581.47
2026-02-14,15,2026-02-14T15:00:00,110.8,2476.53
2026-02-14,16,2026-02-14T16:00:00,125.44,2672.12
2026-02-14,17,2026-02-14T17:00:00,135.99,3022.38
2026-02-14,18,2026-02-14T18:00:00,135.0,3153.5
2026-02-14,19,2026-02-14T19:00:00,130.0,2956.4
2026-02-14,20,2026-02-14T20:00:00,124.69,2776.0
2026-02-14,21,2026-02-14T21:00:00,120.21,2889.12
2026-02-14,22,2026-02-14T22:00:00,113.49,2836.25
2026-02-14,23,2026-02-14T23:00:00,102.45,2983.4
2026-02-15,0,2026-02-15T00:00:00,105.11,2975.0
2026-02-15,1,2026-02-15T01:00:00,103.97,2314.5
2026-02-15,2,2026-02-15T02:00:00,106.26,2400.65
2026-02-15,3,2026-02-15T03:00:00,105.55,2433.68
2026-02-15,4,2026-02-15T04:00:00,103.47,2417.65
2026-02-15,5,2026-02-15T05:00:00,100.76,2402.22
2026-02-15,6,2026-02-15T06:00:00,100.81,2340.22
2026-02-15,7,2026-02-15T07:00:00,102.89,2201.22
2026-02-15,8,2026-02-15T08:00:00,103.01,2309.22
2026-02-15,9,2026-02-15T09:00:00,100.13,2438.57
2026-02-15,10,2026-02-15T10:00:00,89.65,2609.53
2026-02-15,11,2026-02-15T11:00:00,80.75,3086.72
2026-02-15,12,2026-02-15T12:00:00,70.75,3823.97
2026-02-15,13,2026-02-15T13:00:00,68.52,4022.5
2026-02-15,14,2026-02-15T14:00:00,69.42,3935.15
2026-02-15,15,2026-02-15T15:00:00,79.03,2937.2
2026-02-15,16,2026-02-15T16:00:00,95.62,2524.38
2026-02-15,17,2026-02-15T17:00:00,117.15,2763.85
2026-02-15,18,2026-02-15T18:00:00,117.67,2871.05
2026-02-15,19,2026-02-15T19:00:00,113.11,2897.8
2026-02-15,20,2026-02-15T20:00:00,109.57,2838.05
2026-02-15,21,2026-02-15T21:00:00,95.43,2714.6
2026-02-15,22,2026-02-15T22:00:00,93.85,2760.75
2026-02-15,23,2026-02-15T23:00:00,79.37,2664.4
2026-02-16,0,2026-02-16T00:00:00,100.8,2383.27
2026-02-16,1,2026-02-16T01:00:00,88.43,2517.6
2026-02-16,2,2026-02-16T02:00:00,91.73,2705.9
2026-02-16,3,2026-02-16T03:00:00,85.0,2502.57
2026-02-16,4,2026-02-16T04:00:00,92.74,2534.22
2026-02-16,5,2026-02-16T05:00:00,118.9,2682.57
2026-02-16,6,2026-02-16T06:00:00,153.2,3217.47
2026-02-16,7,2026-02-16T07:00:00,146.46,3647.32
2026-02-16,8,2026-02-16T08:00:00,145.94,3749.85
2026-02-16,9,2026-02-16T09:00:00,133.56,3780.98
2026-02-16,10,2026-02-16T10:00:00,110.91,3822.8
2026-02-16,11,2026-02-16T11:00:00,103.71,3856.32
2026-02-16,12,2026-02-16T12:00:00,106.55,3831.27
2026-02-16,13,2026-02-16T13:00:00,109.54,3782.48
2026-02-16,14,2026-02-16T14:00:00,119.41,3532.13
2026-02-16,15,2026-02-16T15:00:00,131.63,3433.82
2026-02-16,16,2026-02-16T16:00:00,122.55,3416.95
2026-02-16,17,2026-02-16T17:00:00,137.14,3461.88
2026-02-16,18,2026-02-16T18:00:00,132.89,3385.23
2026-02-16,19,2026-02-16T19:00:00,129.17,3263.6
2026-02-16,20,2026-02-16T20:00:00,122.64,3081.95
2026-02-16,21,2026-02-16T21:00:00,114.12,3172.95
2026-02-16,22,2026-02-16T22:00:00,107.11,3160.67
2026-02-16,23,2026-02-16T23:00:00,97.73,3056.9
2026-02-17,0,2026-02-17T00:00:00,91.17,3137.9
2026-02-17,1,2026-02-17T01:00:00,89.63,3121.73
2026-02-17,2,2026-02-17T02:00:00,89.36,3203.35
2026-02-17,3,2026-02-17T03:00:00,90.24,3214.22
2026-02-17,4,2026-02-17T04:00:00,89.43,3177.93
2026-02-17,5,2026-02-17T05:00:00,93.46,3074.03
2026-02-17,6,2026-02-17T06:00:00,110.5,3314.65
2026-02-17,7,2026-02-17T07:00:00,128.25,3921.22
2026-02-17,8,2026-02-17T08:00:00,129.28,3823.6
2026-02-17,9,2026-02-17T09:00:00,124.81,3460.97
2026-02-17,10,2026-02-17T10:00:00,113.2,3437.55
2026-02-17,11,2026-02-17T11:00:00,104.36,3398.62
2026-02-17,12,2026-02-17T12:00:00,96.72,3485.4
2026-02-17,13,2026-02-17T13:00:00,98.08,3463.33
2026-02-17,14,2026-02-17T14:00:00,103.86,3497.25
2026-02-17,15,2026-02-17T15:00:00,117.7,3523.57
2026-02-17,16,2026-02-17T16:00:00,130.68,3689.2
2026-02-17,17,2026-02-17T17:00:00,151.55,4322.15
2026-02-17,18,2026-02-17T18:00:00,145.84,4006.1
2026-02-17,19,2026-02-17T19:00:00,141.62,3712.4
2026-02-17,20,2026-02-17T20:00:00,130.94,3676.28
2026-02-17,21,2026-02-17T21:00:00,109.25,3576.43
2026-02-17,22,2026-02-17T22:00:00,97.82,3313.95
2026-02-17,23,2026-02-17T23:00:00,92.85,3504.3
2026-02-18,0,2026-02-18T00:00:00,100.32,3248.65
2026-02-18,1,2026-02-18T01:00:00,98.18,3233.73
2026-02-18,2,2026-02-18T02:00:00,97.61,3345.62
2026-02-18,3,2026-02-18T03:00:00,97.57,3425.2
2026-02-18,4,2026-02-18T04:00:00,98.34,3723.37
2026-02-18,5,2026-02-18T05:00:00,105.32,3653.0
2026-02-18,6,2026-02-18T06:00:00,127.06,3791.73
2026-02-18,7,2026-02-18T07:00:00,174.03,4641.48
2026-02-18,8,2026-02-18T08:00:00,182.91,4724.95
2026-02-18,9,2026-02-18T09:00:00,135.0,4153.23
2026-02-18,10,2026-02-18T10:00:00,121.9,3689.78
2026-02-18,11,2026-02-18T11:00:00,111.97,3555.5
2026-02-18,12,2026-02-18T12:00:00,107.44,3379.5
2026-02-18,13,2026-02-18T13:00:00,107.06,3344.68
2026-02-18,14,2026-02-18T14:00:00,110.29,3330.75
2026-02-18,15,2026-02-18T15:00:00,122.33,3434.75
2026-02-18,16,2026-02-18T16:00:00,133.46,3980.12
2026-02-18,17,2026-02-18T17:00:00,154.79,4320.23
2026-02-18,18,2026-02-18T18:00:00,159.74,4188.82
2026-02-18,19,2026-02-18T19:00:00,145.09,4013.3
2026-02-18,20,2026-02-18T20:00:00,128.16,3642.28
2026-02-18,21,2026-02-18T21:00:00,116.33,3725.33
2026-02-18,22,2026-02-18T22:00:00,107.38,3318.23
2026-02-18,23,2026-02-18T23:00:00,98.05,3444.77
2026-02-19,0,2026-02-19T00:00:00,92.23,3890.38
2026-02-19,1,2026-02-19T01:00:00,90.36,3907.93
2026-02-19,2,2026-02-19T02:00:00,88.74,3953.15
2026-02-19,3,2026-02-19T03:00:00,87.7,3988.5
2026-02-19,4,2026-02-19T04:00:00,89.06,3981.68
2026-02-19,5,2026-02-19T05:00:00,91.49,3841.82
2026-02-19,6,2026-02-19T06:00:00,110.7,3691.17
2026-02-19,7,2026-02-19T07:00:00,131.38,4300.73
2026-02-19,8,2026-02-19T08:00:00,127.15,3927.7
2026-02-19,9,2026-02-19T09:00:00,129.78,3809.85
2026-02-19,10,2026-02-19T10:00:00,121.26,3651.28
2026-02-19,11,2026-02-19T11:00:00,125.0,3752.05
2026-02-19,12,2026-02-19T12:00:00,120.37,3716.48
2026-02-19,13,2026-02-19T13:00:00,128.16,3823.9
2026-02-19,14,2026-02-19T14:00:00,123.95,3741.9
2026-02-19,15,2026-02-19T15:00:00,125.03,3785.82
2026-02-19,16,2026-02-19T16:00:00,137.22,4097.32
2026-02-19,17,2026-02-19T17:00:00,153.35,4306.02
2026-02-19,18,2026-02-19T18:00:00,148.46,4284.42
2026-02-19,19,2026-02-19T19:00:00,135.0,3999.88
2026-02-19,20,2026-02-19T20:00:00,119.9,3757.73
2026-02-19,21,2026-02-19T21:00:00,108.2,3597.22
2026-02-19,22,2026-02-19T22:00:00,96.69,3442.6
2026-02-19,23,2026-02-19T23:00:00,90.19,3413.12
2026-02-20,0,2026-02-20T00:00:00,90.7,2901.82
2026-02-20,1,2026-02-20T01:00:00,90.11,2865.1
2026-02-20,2,2026-02-20T02:00:00,89.72,2905.65
2026-02-20,3,2026-02-20T03:00:00,90.45,2938.8
2026-02-20,4,2026-02-20T04:00:00,89.7,2891.38
2026-02-20,5,2026-02-20T05:00:00,96.1,3016.05
2026-02-20,6,2026-02-20T06:00:00,119.6,3409.8
2026-02-20,7,2026-02-20T07:00:00,136.75,3873.88
2026-02-20,8,2026-02-20T08:00:00,126.31,3645.97
2026-02-20,9,2026-02-20T09:00:00,113.43,3717.72
2026-02-20,10,2026-02-20T10:00:00,100.62,4004.62
2026-02-20,11,2026-02-20T11:00:00,93.93,4302.75
2026-02-20,12,2026-02-20T12:00:00,87.93,4403.35
2026-02-20,13,2026-02-20T13:00:00,86.39,4389.02
2026-02-20,14,2026-02-20T14:00:00,86.77,4282.5
2026-02-20,15,2026-02-20T15:00:00,96.85,3966.88
2026-02-20,16,2026-02-20T16:00:00,113.96,3659.25
2026-02-20,17,2026-02-20T17:00:00,134.39,3965.52
2026-02-20,18,2026-02-20T18:00:00,115.96,3467.57
2026-02-20,19,2026-02-20T19:00:00,107.87,3367.78
2026-02-20,20,2026-02-20T20:00:00,99.62,3272.7
2026-02-20,21,2026-02-20T21:00:00,79.26,2639.7
2026-02-20,22,2026-02-20T22:00:00,71.33,2435.7
2026-02-20,23,2026-02-20T23:00:00,58.28,2710.1
2026-02-21,0,2026-02-21T00:00:00,57.73,2719.12
2026-02-21,1,2026-02-21T01:00:00,57.14,3086.0
2026-02-21,2,2026-02-21T02:00:00,60.3,3156.83
2026-02-21,3,2026-02-21T03:00:00,56.53,3064.9
2026-02-21,4,2026-02-21T04:00:00,77.78,3056.6
2026-02-21,5,2026-02-21T05:00:00,86.27,3285.2
2026-02-21,6,2026-02-21T06:00:00,73.89,3158.32
2026-02-21,7,2026-02-21T07:00:00,84.24,2671.05
2026-02-21,8,2026-02-21T08:00:00,94.07,2835.72
2026-02-21,9,2026-02-21T09:00:00,80.64,2980.98
2026-02-21,10,2026-02-21T10:00:00,72.66,3347.35
2026-02-21,11,2026-02-21T11:00:00,83.95,3401.33
2026-02-21,12,2026-02-21T12:00:00,72.66,3465.1
2026-02-21,13,2026-02-21T13:00:00,72.66,3389.35
2026-02-21,14,2026-02-21T14:00:00,80.17,3172.0
2026-02-21,15,2026-02-21T15:00:00,85.88,3073.23
2026-02-21,16,2026-02-21T16:00:00,98.05,3163.72
2026-02-21,17,2026-02-21T17:00:00,106.25,3254.68
2026-02-21,18,2026-02-21T18:00:00,112.04,3247.07
2026-02-21,19,2026-02-21T19:00:00,112.76,3161.55
2026-02-21,20,2026-02-21T20:00:00,106.38,2991.82
2026-02-21,21,2026-02-21T21:00:00,88.82,2931.38
2026-02-21,22,2026-02-21T22:00:00,79.83,2823.82
2026-02-21,23,2026-02-21T23:00:00,69.83,2675.72
2026-02-22,0,2026-02-22T00:00:00,59.75,2825.4
2026-02-22,1,2026-02-22T01:00:00,55.43,3073.4
2026-02-22,2,2026-02-22T02:00:00,51.97,3072.12
2026-02-22,3,2026-02-22T03:00:00,56.43,3455.52
2026-02-22,4,2026-02-22T04:00:00,63.62,3998.35
2026-02-22,5,2026-02-22T05:00:00,60.23,3827.15
2026-02-22,6,2026-02-22T06:00:00,57.91,3521.68
2026-02-22,7,2026-02-22T07:00:00,60.81,3292.32
2026-02-22,8,2026-02-22T08:00:00,50.67,3406.65
2026-02-22,9,2026-02-22T09:00:00,60.84,3575.35
2026-02-22,10,2026-02-22T10:00:00,63.27,3730.42
2026-02-22,11,2026-02-22T11:00:00,63.23,4002.48
2026-02-22,12,2026-02-22T12:00:00,56.06,4250.25
2026-02-22,13,2026-02-22T13:00:00,52.29,4375.88
2026-02-22,14,2026-02-22T14:00:00,62.24,3948.57
2026-02-22,15,2026-02-22T15:00:00,70.25,3421.15
2026-02-22,16,2026-02-22T16:00:00,81.65,2940.95
2026-02-22,17,2026-02-22T17:00:00,92.73,2736.97
2026-02-22,18,2026-02-22T18:00:00,96.36,2843.6
2026-02-22,19,2026-02-22T19:00:00,92.75,2792.18
2026-02-22,20,2026-02-22T20:00:00,86.23,2716.62
2026-02-22,21,2026-02-22T21:00:00,75.02,2566.5
2026-02-22,22,2026-02-22T22:00:00,74.51,2642.18
2026-02-22,23,2026-02-22T23:00:00,54.0,2874.2
