date,block,block_start,direction,count,max_price,p10,p25,p50,p75,p90,total_volume
2026-01-01,0,00:00,down,6,2.00,1.95,1.95,1.95,1.95,1.98,123.0
2026-01-01,0,00:00,up,9,38.00,35.80,36.00,36.50,37.89,37.91,655.0
2026-01-01,1,04:00,up,6,38.00,36.50,37.12,37.50,37.80,37.95,611.0
2026-01-01,2,08:00,down,9,1.95,1.95,1.95,1.95,1.95,1.95,18.0
2026-01-01,2,08:00,up,2,38.00,36.20,36.50,37.00,37.50,37.80,510.0
2026-01-01,3,12:00,down,3,1.95,1.95,1.95,1.95,1.95,1.95,5.0
2026-01-01,4,16:00,down,8,1.95,1.95,1.95,1.95,1.95,1.95,41.0
2026-01-01,4,16:00,up,3,38.00,37.20,37.50,38.00,38.00,38.00,1110.0
2026-01-01,5,20:00,down,5,1.95,1.95,1.95,1.95,1.95,1.95,48.0
2026-01-01,5,20:00,up,5,38.00,36.00,36.00,36.50,38.00,38.00,943.0
2026-01-02,0,00:00,down,11,2.00,1.95,1.95,1.95,1.95,1.95,187.0
2026-01-02,0,00:00,up,9,38.00,35.80,36.00,36.50,37.89,37.91,655.0
2026-01-02,1,04:00,down,4,1.95,1.95,1.95,1.95,1.95,1.95,56.0
2026-01-02,1,04:00,up,6,38.00,36.50,37.12,37.50,37.80,37.95,611.0
2026-01-02,2,08:00,down,8,1.95,1.95,1.95,1.95,1.95,1.95,24.0
2026-01-02,2,08:00,up,2,38.00,36.20,36.50,37.00,37.50,37.80,510.0
2026-01-02,3,12:00,down,6,1.95,1.95,1.95,1.95,1.95,1.95,38.0
2026-01-02,4,16:00,down,2,1.95,1.95,1.95,1.95,1.95,1.95,9.0
2026-01-02,4,16:00,up,3,38.00,37.20,37.50,38.00,38.00,38.00,1110.0
2026-01-02,5,20:00,down,2,1.95,1.95,1.95,1.95,1.95,1.95,13.0
2026-01-02,5,20:00,up,5,38.00,36.00,36.00,36.50,38.00,38.00,943.0
2026-01-03,0,00:00,down,4,1.80,1.80,1.80,1.80,1.80,1.80,174.0
2026-01-03,0,00:00,up,10,38.00,35.90,36.00,37.20,37.89,37.90,730.0
2026-01-03,1,04:00,up,6,38.00,36.50,37.12,37.50,37.80,37.95,611.0
2026-01-03,2,08:00,up,2,38.00,36.20,36.50,37.00,37.50,37.80,510.0
2026-01-03,4,16:00,up,3,38.00,37.20,37.50,38.00,38.00,38.00,1110.0
2026-01-03,5,20:00,up,5,38.00,36.00,36.00,36.50,38.00,38.00,943.0
2026-01-04,0,00:00,down,4,1.80,1.80,1.80,1.80,1.80,1.80,174.0
2026-01-04,0,00:00,up,10,38.00,35.90,36.00,37.20,37.89,37.90,730.0
2026-01-04,1,04:00,up,6,38.00,36.50,37.12,37.50,37.80,37.95,611.0
2026-01-04,2,08:00,up,2,38.00,36.20,36.50,37.00,37.50,37.80,510.0
2026-01-04,4,16:00,up,3,38.00,37.20,37.50,38.00,38.00,38.00,1110.0
2026-01-04,5,20:00,up,5,38.00,36.00,36.00,36.50,38.00,38.00,943.0
2026-01-05,0,00:00,down,4,1.80,1.80,1.80,1.80,1.80,1.80,174.0
2026-01-05,0,00:00,up,10,38.00,35.90,36.00,37.20,37.89,37.90,730.0
2026-01-05,1,04:00,up,6,38.00,36.50,37.12,37.50,37.80,37.95,611.0
2026-01-05,2,08:00,up,2,38.00,36.20,36.50,37.00,37.50,37.80,510.0
2026-01-05,4,16:00,up,3,38.00,37.20,37.50,38.00,38.00,38.00,1110.0
2026-01-05,5,20:00,up,5,38.00,36.00,36.00,36.50,38.00,38.00,943.0
2026-01-06,0,00:00,down,4,1.48,1.48,1.48,1.48,1.48,1.48,149.0
2026-01-06,0,00:00,up,10,38.00,35.90,36.12,37.20,37.89,37.90,779.0
2026-01-06,1,04:00,up,6,38.00,36.50,37.12,37.50,37.50,37.75,656.0
2026-01-06,2,08:00,up,2,38.00,36.20,36.50,37.00,37.50,37.80,540.0
2026-01-06,3,12:00,up,2,37.50,35.25,35.62,36.25,36.88,37.25,35.0
2026-01-06,4,16:00,up,4,38.00,37.15,37.38,37.75,38.00,38.00,1160.0
2026-01-06,5,20:00,up,6,38.00,35.50,36.12,37.00,37.88,38.00,1007.0
2026-01-07,0,00:00,down,4,1.48,1.48,1.48,1.48,1.48,1.48,149.0
2026-01-07,0,00:00,up,10,38.00,35.90,36.12,37.20,37.89,37.90,771.0
2026-01-07,1,04:00,up,6,38.00,36.50,37.12,37.50,37.50,37.75,652.0
2026-01-07,2,08:00,up,4,38.00,35.30,35.75,36.75,37.62,37.85,575.0
2026-01-07,3,12:00,up,1,35.00,35.00,35.00,35.00,35.00,35.00,19.0
2026-01-07,4,16:00,up,3,38.00,37.20,37.50,38.00,38.00,38.00,1140.0
2026-01-07,5,20:00,up,6,38.00,35.50,36.12,37.00,37.88,38.00,999.0
2026-01-08,0,00:00,down,4,1.48,1.48,1.48,1.48,1.48,1.48,149.0
2026-01-08,0,00:00,up,9,38.00,35.80,36.00,37.89,37.89,37.91,747.0
2026-01-08,1,04:00,up,6,38.00,36.50,37.12,37.50,37.50,37.75,644.0
2026-01-08,2,08:00,up,2,38.00,36.20,36.50,37.00,37.50,37.80,540.0
2026-01-08,4,16:00,up,3,38.00,37.20,37.50,38.00,38.00,38.00,1140.0
2026-01-08,5,20:00,up,5,38.00,35.40,36.00,36.50,38.00,38.00,975.0
2026-01-09,0,00:00,down,8,1.40,1.19,1.19,1.19,1.19,1.25,155.0
2026-01-09,0,00:00,up,8,38.00,36.00,36.38,37.89,37.89,37.92,716.0
2026-01-09,1,04:00,down,5,1.19,1.19,1.19,1.19,1.19,1.19,42.0
2026-01-09,1,04:00,up,5,38.00,36.40,37.00,37.50,37.50,37.80,616.0
2026-01-09,2,08:00,down,12,1.19,1.19,1.19,1.19,1.19,1.19,43.0
2026-01-09,2,08:00,up,2,38.00,36.20,36.50,37.00,37.50,37.80,540.0
2026-01-09,3,12:00,down,11,1.19,1.19,1.19,1.19,1.19,1.19,31.0
2026-01-09,4,16:00,down,8,1.19,1.19,1.19,1.19,1.19,1.19,39.0
2026-01-09,4,16:00,up,3,38.00,37.20,37.50,38.00,38.00,38.00,1140.0
2026-01-09,5,20:00,down,9,1.19,1.19,1.19,1.19,1.19,1.19,42.0
2026-01-09,5,20:00,up,4,38.00,36.15,36.38,37.25,38.00,38.00,948.0
2026-01-10,0,00:00,down,7,1.20,1.13,1.13,1.13,1.13,1.16,117.0
2026-01-10,0,00:00,up,7,38.00,36.00,36.25,37.89,37.89,37.93,716.0
2026-01-10,1,04:00,down,4,1.13,1.13,1.13,1.13,1.13,1.13,7.0
2026-01-10,1,04:00,up,5,38.00,36.40,37.00,37.50,37.50,37.80,616.0
2026-01-10,2,08:00,down,3,1.13,1.11,1.11,1.11,1.12,1.13,4.0
2026-01-10,2,08:00,up,2,38.00,36.20,36.50,37.00,37.50,37.80,540.0
2026-01-10,3,12:00,down,3,1.13,1.11,1.11,1.11,1.12,1.13,4.0
2026-01-10,4,16:00,down,12,1.13,1.13,1.13,1.13,1.13,1.13,48.0
2026-01-10,4,16:00,up,3,38.00,37.20,37.50,38.00,38.00,38.00,1140.0
2026-01-10,5,20:00,down,8,1.13,1.13,1.13,1.13,1.13,1.13,84.0
2026-01-10,5,20:00,up,4,38.00,36.15,36.38,37.25,38.00,38.00,948.0
2026-01-11,0,00:00,down,7,1.20,1.13,1.13,1.13,1.13,1.16,147.0
2026-01-11,0,00:00,up,7,38.00,36.00,36.25,37.89,37.89,37.93,716.0
2026-01-11,1,04:00,down,9,1.13,1.13,1.13,1.13,1.13,1.13,64.0
2026-01-11,1,04:00,up,5,38.00,36.40,37.00,37.50,37.50,37.80,616.0
2026-01-11,2,08:00,down,7,1.13,1.13,1.13,1.13,1.13,1.13,57.0
2026-01-11,2,08:00,up,2,38.00,36.20,36.50,37.00,37.50,37.80,540.0
2026-01-11,3,12:00,down,6,1.13,1.11,1.11,1.13,1.13,1.13,20.0
2026-01-11,4,16:00,down,1,1.13,1.13,1.13,1.13,1.13,1.13,2.0
2026-01-11,4,16:00,up,3,38.00,37.20,37.50,38.00,38.00,38.00,1140.0
2026-01-11,5,20:00,up,4,38.00,36.15,36.38,37.25,38.00,38.00,948.0
2026-01-12,0,00:00,down,3,1.20,1.13,1.13,1.13,1.17,1.19,105.0
2026-01-12,0,00:00,up,7,38.00,36.00,36.25,37.89,37.89,37.93,712.0
2026-01-12,1,04:00,down,5,1.13,1.13,1.13,1.13,1.13,1.13,13.0
2026-01-12,1,04:00,up,4,38.00,37.15,37.38,37.50,37.62,37.85,607.0
2026-01-12,2,08:00,down,4,1.13,1.11,1.11,1.12,1.13,1.13,10.0
2026-01-12,2,08:00,up,2,38.00,36.20,36.50,37.00,37.50,37.80,540.0
2026-01-12,3,12:00,down,2,1.11,1.11,1.11,1.11,1.11,1.11,2.0
2026-01-12,4,16:00,down,6,1.13,1.13,1.13,1.13,1.13,1.13,29.0
2026-01-12,4,16:00,up,3,38.00,37.20,37.50,38.00,38.00,38.00,1140.0
2026-01-12,5,20:00,down,3,1.13,1.13,1.13,1.13,1.13,1.13,16.0
2026-01-12,5,20:00,up,4,38.00,36.15,36.38,37.25,38.00,38.00,948.0
2026-01-13,0,00:00,down,3,0.98,0.98,0.98,0.98,0.98,0.98,144.0
2026-01-13,0,00:00,up,7,38.00,36.00,36.25,37.89,37.89,37.93,742.0
2026-01-13,1,04:00,up,4,38.00,37.15,37.38,37.50,37.62,37.85,637.0
2026-01-13,2,08:00,up,2,38.00,36.20,36.50,37.00,37.50,37.80,570.0
2026-01-13,4,16:00,up,3,38.00,37.20,37.50,38.00,38.00,38.00,1170.0
2026-01-13,5,20:00,up,4,38.00,36.15,36.38,37.25,38.00,38.00,978.0
2026-01-14,0,00:00,down,2,0.84,0.84,0.84,0.84,0.84,0.84,115.0
2026-01-14,0,00:00,up,7,38.00,36.00,36.25,37.89,37.89,37.93,742.0
2026-01-14,1,04:00,up,4,38.00,37.15,37.38,37.50,37.62,37.85,637.0
2026-01-14,2,08:00,down,4,0.79,0.79,0.79,0.79,0.79,0.79,7.0
2026-01-14,2,08:00,up,2,38.00,36.20,36.50,37.00,37.50,37.80,570.0
2026-01-14,3,12:00,down,2,0.79,0.79,0.79,0.79,0.79,0.79,3.0
2026-01-14,4,16:00,up,4,38.00,37.15,37.38,37.75,38.00,38.00,1173.0
2026-01-14,5,20:00,down,5,0.79,0.79,0.79,0.79,0.79,0.79,9.0
2026-01-14,5,20:00,up,5,38.00,36.20,36.50,37.50,38.00,38.00,986.0
2026-01-15,0,00:00,down,1,0.75,0.75,0.75,0.75,0.75,0.75,100.0
2026-01-15,0,00:00,up,10,38.00,36.00,36.11,36.42,36.50,36.65,785.0
2026-01-15,1,04:00,up,8,38.00,37.35,37.50,37.70,37.89,37.92,890.0
2026-01-15,2,08:00,up,2,38.00,36.20,36.50,37.00,37.50,37.80,540.0
2026-01-15,4,16:00,up,3,38.00,37.20,37.50,38.00,38.00,38.00,1140.0
2026-01-15,5,20:00,up,7,38.00,36.25,36.42,36.42,37.25,38.00,1215.0
2026-01-16,0,00:00,down,3,0.63,0.63,0.63,0.63,0.63,0.63,144.0
2026-01-16,0,00:00,up,8,38.00,35.00,35.75,36.49,36.98,37.29,748.0
2026-01-16,1,04:00,up,8,38.00,37.35,37.50,37.75,37.99,37.99,890.0
2026-01-16,2,08:00,up,2,38.00,36.20,36.50,37.00,37.50,37.80,540.0
2026-01-16,4,16:00,up,3,38.00,37.20,37.50,38.00,38.00,38.00,1140.0
2026-01-16,5,20:00,up,7,38.00,35.60,36.49,36.98,37.49,38.00,1211.0
2026-01-17,0,00:00,down,6,0.75,0.59,0.59,0.59,0.59,0.67,121.0
2026-01-17,0,00:00,up,7,38.00,35.23,35.38,35.38,36.00,36.80,682.0
2026-01-17,1,04:00,down,1,0.59,0.59,0.59,0.59,0.59,0.59,2.0
2026-01-17,1,04:00,up,7,38.00,37.30,37.50,37.99,37.99,37.99,832.0
2026-01-17,2,08:00,down,8,0.59,0.59,0.59,0.59,0.59,0.59,20.0
2026-01-17,2,08:00,up,2,38.00,36.20,36.50,37.00,37.50,37.80,510.0
2026-01-17,3,12:00,down,11,0.59,0.59,0.59,0.59,0.59,0.59,56.0
2026-01-17,4,16:00,down,6,0.59,0.59,0.59,0.59,0.59,0.59,42.0
2026-01-17,4,16:00,up,3,38.00,37.20,37.50,38.00,38.00,38.00,1110.0
2026-01-17,5,20:00,down,5,0.59,0.59,0.59,0.59,0.59,0.59,47.0
2026-01-17,5,20:00,up,8,38.00,35.62,35.88,35.94,36.72,38.00,1182.0
2026-01-18,0,00:00,down,9,16.00,0.59,0.59,0.59,0.75,6.24,279.0
2026-01-18,0,00:00,up,7,38.00,35.23,35.38,35.38,36.00,36.80,682.0
2026-01-18,1,04:00,down,2,0.59,0.59,0.59,0.59,0.59,0.59,6.0
2026-01-18,1,04:00,up,7,38.00,37.30,37.50,37.99,37.99,37.99,832.0
2026-01-18,2,08:00,down,3,0.59,0.59,0.59,0.59,0.59,0.59,4.0
2026-01-18,2,08:00,up,2,38.00,36.20,36.50,37.00,37.50,37.80,510.0
2026-01-18,4,16:00,down,3,0.59,0.59,0.59,0.59,0.59,0.59,26.0
2026-01-18,4,16:00,up,3,38.00,37.20,37.50,38.00,38.00,38.00,1110.0
2026-01-18,5,20:00,down,2,0.75,0.61,0.63,0.67,0.71,0.73,103.0
2026-01-18,5,20:00,up,8,38.00,35.62,35.88,35.94,36.72,38.00,1182.0
2026-01-19,0,00:00,down,7,0.75,0.59,0.59,0.59,0.59,0.65,136.0
2026-01-19,0,00:00,up,7,38.00,35.23,35.38,35.38,36.00,36.80,682.0
2026-01-19,1,04:00,down,4,0.59,0.59,0.59,0.59,0.59,0.59,36.0
2026-01-19,1,04:00,up,7,38.00,37.30,37.50,37.99,37.99,37.99,832.0
2026-01-19,2,08:00,down,5,0.59,0.59,0.59,0.59,0.59,0.59,20.0
2026-01-19,2,08:00,up,2,38.00,36.20,36.50,37.00,37.50,37.80,510.0
2026-01-19,3,12:00,down,5,0.59,0.59,0.59,0.59,0.59,0.59,48.0
2026-01-19,4,16:00,down,5,0.59,0.59,0.59,0.59,0.59,0.59,31.0
2026-01-19,4,16:00,up,4,38.00,37.15,37.38,37.75,38.00,38.00,1113.0
2026-01-19,5,20:00,down,4,0.59,0.59,0.59,0.59,0.59,0.59,14.0
2026-01-19,5,20:00,up,9,38.00,35.70,35.88,36.00,37.50,38.00,1190.0
2026-01-20,0,00:00,down,3,0.58,0.58,0.58,0.58,0.58,0.58,144.0
2026-01-20,0,00:00,up,9,38.00,35.00,35.38,35.38,36.00,36.40,765.0
2026-01-20,1,04:00,up,8,38.00,37.35,37.50,37.95,37.99,37.99,895.0
2026-01-20,2,08:00,up,2,38.00,36.20,36.50,37.00,37.50,37.80,540.0
2026-01-20,4,16:00,up,4,38.00,37.15,37.38,37.75,38.00,38.00,1152.0
2026-01-20,5,20:00,up,10,38.00,35.79,35.88,36.00,37.12,38.00,1261.0
2026-01-21,0,00:00,down,3,0.51,0.44,0.44,0.44,0.47,0.50,130.0
2026-01-21,0,00:00,up,8,38.00,35.00,35.21,35.28,36.00,36.60,740.0
2026-01-21,1,04:00,down,11,0.52,0.40,0.44,0.48,0.52,0.52,22.0
2026-01-21,1,04:00,up,9,38.00,36.60,37.50,37.50,37.99,37.99,898.0
2026-01-21,2,08:00,down,6,0.52,0.52,0.52,0.52,0.52,0.52,22.0
2026-01-21,2,08:00,up,4,38.00,36.45,37.12,37.50,37.62,37.85,560.0
2026-01-21,3,12:00,down,4,0.49,0.49,0.49,0.49,0.49,0.49,12.0
2026-01-21,4,16:00,down,13,0.52,0.42,0.44,0.48,0.48,0.51,66.0
2026-01-21,4,16:00,up,5,38.00,37.20,37.50,37.50,38.00,38.00,1160.0
2026-01-21,5,20:00,down,7,0.47,0.44,0.45,0.47,0.47,0.47,40.0
2026-01-21,5,20:00,up,9,38.00,35.70,35.88,36.00,37.50,38.00,1236.0
2026-01-22,0,00:00,down,2,0.32,0.32,0.32,0.32,0.32,0.32,115.0
2026-01-22,0,00:00,up,9,38.00,35.00,35.00,35.28,35.30,35.84,753.0
2026-01-22,1,04:00,up,8,38.00,36.49,37.38,37.75,37.99,37.99,879.0
2026-01-22,2,08:00,up,2,38.00,36.20,36.50,37.00,37.50,37.80,540.0
2026-01-22,4,16:00,up,3,38.00,37.20,37.50,38.00,38.00,38.00,1140.0
2026-01-22,5,20:00,up,8,38.00,35.00,35.22,35.58,36.19,38.00,1224.0
2026-01-23,0,00:00,down,5,0.30,0.26,0.26,0.27,0.27,0.29,115.0
2026-01-23,0,00:00,up,9,38.00,34.88,34.88,35.00,35.00,35.60,711.0
2026-01-23,1,04:00,down,3,0.26,0.26,0.26,0.26,0.26,0.26,9.0
2026-01-23,1,04:00,up,10,38.00,35.00,37.12,37.50,37.99,37.99,858.0
2026-01-23,2,08:00,down,1,0.26,0.26,0.26,0.26,0.26,0.26,1.0
2026-01-23,2,08:00,up,3,38.00,36.40,37.00,37.99,38.00,38.00,640.0
2026-01-23,4,16:00,down,2,0.27,0.25,0.26,0.26,0.27,0.27,3.0
2026-01-23,4,16:00,up,3,38.00,37.20,37.50,38.00,38.00,38.00,1140.0
2026-01-23,5,20:00,down,4,0.26,0.25,0.26,0.26,0.26,0.26,9.0
2026-01-23,5,20:00,up,9,38.00,34.88,34.88,35.00,37.99,38.00,1255.0
2026-01-24,0,00:00,down,4,0.30,0.24,0.25,0.26,0.27,0.29,103.0
2026-01-24,0,00:00,up,9,38.00,34.88,34.88,35.00,35.00,35.60,721.0
2026-01-24,1,04:00,down,3,0.27,0.23,0.24,0.26,0.27,0.27,3.0
2026-01-24,1,04:00,up,10,38.00,36.80,37.50,37.75,37.99,37.99,866.0
2026-01-24,2,08:00,down,1,0.23,0.23,0.23,0.23,0.23,0.23,1.0
2026-01-24,2,08:00,up,5,38.00,36.80,37.99,37.99,37.99,38.00,957.0
2026-01-24,3,12:00,up,5,37.99,37.99,37.99,37.99,37.99,37.99,369.0
2026-01-24,4,16:00,down,11,0.24,0.20,0.20,0.23,0.23,0.24,18.0
2026-01-24,4,16:00,up,6,38.00,37.50,37.99,37.99,38.00,38.00,1581.0
2026-01-24,5,20:00,down,7,0.24,0.22,0.24,0.24,0.24,0.24,21.0
2026-01-24,5,20:00,up,10,38.00,34.88,34.91,35.50,37.87,38.00,1223.0
2026-01-25,0,00:00,down,15,0.30,0.24,0.24,0.25,0.26,0.26,135.0
2026-01-25,0,00:00,up,9,38.00,34.88,34.88,35.00,35.00,35.60,721.0
2026-01-25,1,04:00,down,14,0.27,0.22,0.23,0.26,0.27,0.27,32.0
2026-01-25,1,04:00,up,10,38.00,36.80,37.50,37.75,37.99,37.99,878.0
2026-01-25,2,08:00,down,4,0.24,0.23,0.23,0.23,0.23,0.24,8.0
2026-01-25,2,08:00,up,6,38.00,36.75,37.62,37.99,37.99,38.00,973.0
2026-01-25,3,12:00,down,3,0.24,0.23,0.23,0.24,0.24,0.24,5.0
2026-01-25,3,12:00,up,5,37.99,37.99,37.99,37.99,37.99,37.99,369.0
2026-01-25,4,16:00,down,13,0.24,0.20,0.20,0.23,0.23,0.24,28.0
2026-01-25,4,16:00,up,7,38.00,37.30,37.75,37.99,38.00,38.00,1593.0
2026-01-25,5,20:00,down,11,0.24,0.20,0.20,0.24,0.24,0.24,58.0
2026-01-25,5,20:00,up,10,38.00,34.88,34.91,35.50,37.87,38.00,1223.0
2026-01-26,0,00:00,down,14,0.30,0.24,0.24,0.25,0.26,0.26,190.0
2026-01-26,0,00:00,up,9,38.00,34.88,34.88,34.88,35.00,35.60,816.0
2026-01-26,1,04:00,down,13,0.27,0.22,0.22,0.26,0.27,0.27,120.0
2026-01-26,1,04:00,up,10,38.00,36.80,37.50,37.75,37.99,37.99,864.0
2026-01-26,2,08:00,down,9,0.24,0.20,0.20,0.20,0.22,0.24,102.0
2026-01-26,2,08:00,up,6,38.00,37.00,37.99,37.99,37.99,38.00,1110.0
2026-01-26,3,12:00,down,2,0.24,0.20,0.21,0.22,0.23,0.24,23.0
2026-01-26,3,12:00,up,5,37.99,37.99,37.99,37.99,37.99,37.99,357.0
2026-01-26,4,16:00,down,11,0.24,0.20,0.20,0.23,0.23,0.24,117.0
2026-01-26,4,16:00,up,6,38.00,37.50,37.99,37.99,38.00,38.00,1581.0
2026-01-26,5,20:00,down,10,0.24,0.20,0.20,0.22,0.24,0.24,75.0
2026-01-26,5,20:00,up,9,38.00,34.88,34.88,35.00,37.99,38.00,1207.0
2026-01-27,0,00:00,down,15,0.30,0.24,0.24,0.25,0.26,0.26,216.0
2026-01-27,0,00:00,up,8,38.00,35.00,35.00,36.64,37.99,37.99,722.0
2026-01-27,1,04:00,down,16,0.27,0.22,0.25,0.26,0.26,0.27,74.0
2026-01-27,1,04:00,up,7,38.00,35.18,36.15,37.50,37.50,37.70,676.0
2026-01-27,2,08:00,down,4,0.22,0.20,0.20,0.20,0.21,0.21,14.0
2026-01-27,2,08:00,up,13,38.00,37.60,37.99,37.99,37.99,37.99,1180.0
2026-01-27,4,16:00,down,1,0.20,0.20,0.20,0.20,0.20,0.20,1.0
2026-01-27,4,16:00,up,14,38.00,37.99,37.99,37.99,37.99,38.00,1697.0
2026-01-27,5,20:00,down,5,0.24,0.20,0.20,0.24,0.24,0.24,6.0
2026-01-27,5,20:00,up,10,38.00,35.00,36.38,37.99,37.99,38.00,1369.0
2026-01-28,0,00:00,down,7,5.00,0.25,0.25,0.26,0.26,2.16,107.0
2026-01-28,0,00:00,up,9,38.00,35.00,35.00,36.50,37.99,37.99,754.0
2026-01-28,1,04:00,down,4,3.80,0.23,0.25,0.27,1.15,2.74,7.0
2026-01-28,1,04:00,up,6,38.00,36.75,37.12,37.50,37.50,37.75,656.0
2026-01-28,2,08:00,down,4,0.23,0.20,0.20,0.20,0.21,0.22,7.0
2026-01-28,2,08:00,up,6,38.00,36.75,37.62,37.99,37.99,38.00,757.0
2026-01-28,3,12:00,down,6,0.24,0.20,0.20,0.20,0.22,0.23,18.0
2026-01-28,4,16:00,down,15,0.24,0.23,0.23,0.23,0.23,0.24,77.0
2026-01-28,4,16:00,up,5,38.00,37.20,37.50,37.50,38.00,38.00,1160.0
2026-01-28,5,20:00,down,7,0.24,0.23,0.23,0.24,0.24,0.24,60.0
2026-01-28,5,20:00,up,9,38.00,35.00,36.50,37.99,37.99,38.00,1227.0
2026-01-29,0,00:00,down,16,16.00,0.24,0.25,0.26,1.45,5.00,387.0
2026-01-29,0,00:00,up,11,38.00,35.00,35.75,37.99,38.00,38.00,885.0
2026-01-29,1,04:00,down,17,5.00,0.22,0.26,0.26,0.27,1.68,185.0
2026-01-29,1,04:00,up,6,38.00,36.75,37.12,37.50,37.50,37.75,617.0
2026-01-29,2,08:00,down,13,0.24,0.20,0.20,0.22,0.23,0.23,29.0
2026-01-29,2,08:00,up,7,38.00,36.90,37.50,37.99,37.99,37.99,735.0
2026-01-29,3,12:00,down,5,0.24,0.20,0.20,0.23,0.23,0.24,7.0
2026-01-29,3,12:00,up,2,37.99,37.55,37.62,37.75,37.87,37.94,77.0
2026-01-29,4,16:00,down,8,5.00,0.23,0.23,0.23,0.23,1.67,114.0
2026-01-29,4,16:00,up,4,38.00,37.30,37.74,38.00,38.00,38.00,1275.0
2026-01-29,5,20:00,down,9,0.24,0.23,0.23,0.24,0.24,0.24,45.0
2026-01-29,5,20:00,up,9,38.00,35.00,36.50,37.99,37.99,38.00,1189.0
2026-01-30,0,00:00,down,8,15.50,1.00,1.00,1.00,1.00,5.35,146.0
2026-01-30,0,00:00,up,8,38.00,35.00,35.00,37.25,38.00,38.00,669.0
2026-01-30,1,04:00,down,12,3.80,1.00,1.00,1.00,2.00,2.00,128.0
2026-01-30,1,04:00,up,6,38.00,36.75,37.12,37.50,37.50,37.75,618.0
2026-01-30,2,08:00,down,3,3.50,1.60,1.75,2.00,2.75,3.20,16.0
2026-01-30,2,08:00,up,7,38.00,36.90,37.50,38.00,38.00,38.00,728.0
2026-01-30,3,12:00,down,12,3.80,1.53,1.80,2.00,3.08,3.39,105.0
2026-01-30,3,12:00,up,4,40.00,38.25,39.38,40.00,40.00,40.00,210.0
2026-01-30,4,16:00,down,6,3.60,2.00,2.00,2.00,2.75,3.30,75.0
2026-01-30,4,16:00,up,6,38.00,37.50,38.00,38.00,38.00,38.00,1308.0
2026-01-30,5,20:00,up,9,38.00,35.00,36.50,38.00,38.00,38.00,1162.0
2026-01-31,0,00:00,down,10,14.96,2.80,2.80,2.80,11.92,14.96,250.0
2026-01-31,0,00:00,up,6,38.00,35.00,35.38,37.20,37.98,38.00,485.0
2026-01-31,1,04:00,down,16,14.96,2.80,3.17,3.40,3.50,3.65,226.0
2026-01-31,1,04:00,up,5,38.00,36.90,37.50,37.50,37.50,37.80,570.0
2026-01-31,2,08:00,down,5,5.20,4.18,5.20,5.20,5.20,5.20,48.0
2026-01-31,2,08:00,up,3,38.00,37.50,37.50,37.50,37.75,37.90,478.0
2026-01-31,3,12:00,down,5,14.96,5.20,5.20,5.20,5.20,11.06,122.0
2026-01-31,3,12:00,up,1,38.00,38.00,38.00,38.00,38.00,38.00,15.0
2026-01-31,4,16:00,down,11,14.96,3.50,3.50,4.50,4.50,5.20,190.0
2026-01-31,4,16:00,up,2,38.00,38.00,38.00,38.00,38.00,38.00,1050.0
2026-01-31,5,20:00,down,9,3.30,2.80,2.80,2.80,3.30,3.30,73.0
2026-01-31,5,20:00,up,6,38.00,35.75,36.75,37.75,38.00,38.00,909.0
2026-02-01,0,00:00,down,19,14.96,1.90,1.90,2.80,2.80,14.96,327.0
2026-02-01,0,00:00,up,5,38.00,35.60,36.50,37.90,38.00,38.00,457.0
2026-02-01,1,04:00,down,11,14.96,2.80,3.05,3.50,3.50,3.80,169.0
2026-02-01,1,04:00,up,4,38.00,36.80,37.25,37.50,37.62,37.85,542.0
2026-02-01,2,08:00,down,11,5.20,1.90,3.50,5.20,5.20,5.20,40.0
2026-02-01,2,08:00,up,1,38.00,38.00,38.00,38.00,38.00,38.00,450.0
2026-02-01,3,12:00,down,11,14.96,1.90,3.55,5.20,5.20,5.20,122.0
2026-02-01,3,12:00,up,1,38.00,38.00,38.00,38.00,38.00,38.00,15.0
2026-02-01,4,16:00,down,20,14.96,1.90,1.90,3.50,4.50,5.20,257.0
2026-02-01,4,16:00,up,4,38.00,37.50,37.50,37.75,38.00,38.00,1070.0
2026-02-01,5,20:00,down,11,3.30,2.80,2.80,2.80,3.30,3.30,118.0
2026-02-01,5,20:00,up,6,38.00,35.75,36.75,37.75,38.00,38.00,905.0
2026-02-02,0,00:00,down,9,14.96,1.90,2.80,2.80,14.96,14.96,265.0
2026-02-02,0,00:00,up,5,38.00,35.60,36.50,37.90,38.00,38.00,459.0
2026-02-02,1,04:00,down,7,14.96,3.22,3.50,3.50,3.65,8.26,144.0
2026-02-02,1,04:00,up,5,38.00,36.90,37.50,37.50,37.50,37.80,554.0
2026-02-02,2,08:00,down,18,4.50,1.90,2.30,3.50,4.50,4.50,146.0
2026-02-02,2,08:00,up,1,38.00,38.00,38.00,38.00,38.00,38.00,450.0
2026-02-02,3,12:00,down,12,14.96,1.90,1.90,4.50,4.50,13.91,218.0
2026-02-02,3,12:00,up,1,38.00,38.00,38.00,38.00,38.00,38.00,15.0
2026-02-02,4,16:00,down,13,14.96,1.90,3.50,3.50,4.50,4.50,172.0
2026-02-02,4,16:00,up,3,38.00,37.60,37.75,38.00,38.00,38.00,1058.0
2026-02-02,5,20:00,down,12,2.80,1.90,2.57,2.80,2.80,2.80,41.0
2026-02-02,5,20:00,up,6,38.00,35.75,36.75,37.75,38.00,38.00,907.0
2026-02-03,0,00:00,down,5,7.00,4.24,4.90,5.00,5.00,6.20,108.0
2026-02-03,0,00:00,up,8,38.00,36.05,36.50,37.89,37.89,37.93,679.0
2026-02-03,1,04:00,up,3,38.00,37.50,37.50,37.50,37.75,37.90,521.0
2026-02-03,2,08:00,down,6,5.00,4.95,5.00,5.00,5.00,5.00,11.0
2026-02-03,2,08:00,up,6,38.00,37.50,37.60,37.89,37.89,37.95,659.0
2026-02-03,3,12:00,down,5,5.00,4.94,5.00,5.00,5.00,5.00,10.0
2026-02-03,3,12:00,up,1,37.50,37.50,37.50,37.50,37.50,37.50,8.0
2026-02-03,4,16:00,down,6,5.00,5.00,5.00,5.00,5.00,5.00,9.0
2026-02-03,4,16:00,up,2,38.00,38.00,38.00,38.00,38.00,38.00,1050.0
2026-02-03,5,20:00,down,10,5.00,4.90,4.93,5.00,5.00,5.00,26.0
2026-02-03,5,20:00,up,7,38.00,35.90,37.20,37.89,37.95,38.00,1072.0
2026-02-04,0,00:00,down,20,6.98,3.75,4.00,4.20,4.40,6.98,280.0
2026-02-04,0,00:00,up,10,38.00,36.90,37.00,37.45,37.99,37.99,720.0
2026-02-04,1,04:00,down,19,6.98,3.75,4.00,4.01,4.10,4.90,241.0
2026-02-04,1,04:00,up,4,38.00,37.50,37.50,37.70,37.92,37.97,554.0
2026-02-04,2,08:00,down,20,4.97,3.33,3.53,3.75,4.00,4.90,194.0
2026-02-04,2,08:00,up,4,38.00,37.99,37.99,37.99,37.99,38.00,623.0
2026-02-04,3,12:00,down,16,6.98,3.75,3.75,4.90,4.97,5.97,223.0
2026-02-04,3,12:00,up,2,37.99,37.99,37.99,37.99,37.99,37.99,163.0
2026-02-04,4,16:00,down,16,4.90,3.19,3.29,3.54,3.75,4.90,192.0
2026-02-04,4,16:00,up,2,38.00,38.00,38.00,38.00,38.00,38.00,1050.0
2026-02-04,5,20:00,down,8,4.90,3.85,3.90,3.90,4.90,4.90,136.0
2026-02-04,5,20:00,up,8,38.00,36.70,37.00,37.99,37.99,38.00,1092.0
2026-02-05,0,00:00,down,11,3.80,3.50,3.62,3.75,3.80,3.80,226.0
2026-02-05,0,00:00,up,11,38.00,37.00,37.00,37.90,37.99,37.99,755.0
2026-02-05,1,04:00,down,13,3.80,3.75,3.75,3.80,3.80,3.80,163.0
2026-02-05,1,04:00,up,7,38.00,37.00,37.25,37.50,37.70,37.94,613.0
2026-02-05,2,08:00,down,16,3.80,3.33,3.48,3.64,3.76,3.80,204.0
2026-02-05,2,08:00,up,5,38.00,37.99,37.99,37.99,37.99,38.00,679.0
2026-02-05,3,12:00,down,9,3.80,3.50,3.75,3.75,3.75,3.76,284.0
2026-02-05,4,16:00,down,12,3.75,3.19,3.19,3.33,3.75,3.75,148.0
2026-02-05,4,16:00,up,2,38.00,38.00,38.00,38.00,38.00,38.00,1050.0
2026-02-05,5,20:00,down,7,3.90,3.75,3.75,3.90,3.90,3.90,96.0
2026-02-05,5,20:00,up,9,38.00,36.80,37.00,37.99,37.99,38.00,1134.0
2026-02-06,0,00:00,down,18,4.00,2.95,2.95,2.95,3.20,3.29,344.0
2026-02-06,0,00:00,up,10,38.00,35.90,37.00,37.45,37.99,37.99,750.0
2026-02-06,1,04:00,down,18,3.50,2.95,2.95,2.95,3.20,3.20,86.0
2026-02-06,1,04:00,up,7,38.00,37.00,37.25,37.50,37.70,37.94,615.0
2026-02-06,2,08:00,down,11,3.20,2.95,2.95,2.95,2.95,3.20,29.0
2026-02-06,2,08:00,up,4,38.00,37.99,37.99,37.99,37.99,38.00,653.0
2026-02-06,3,12:00,down,5,3.50,3.20,3.20,3.20,3.50,3.50,186.0
2026-02-06,3,12:00,up,1,35.00,35.00,35.00,35.00,35.00,35.00,9.0
2026-02-06,4,16:00,down,2,3.20,3.20,3.20,3.20,3.20,3.20,5.0
2026-02-06,4,16:00,up,2,38.00,38.00,38.00,38.00,38.00,38.00,1050.0
2026-02-06,5,20:00,down,3,3.20,3.20,3.20,3.20,3.20,3.20,6.0
2026-02-06,5,20:00,up,9,38.00,35.80,37.00,37.99,37.99,38.00,1122.0
2026-02-07,0,00:00,down,2,3.00,2.91,2.92,2.95,2.98,2.99,101.0
2026-02-07,0,00:00,up,10,38.00,35.90,37.00,37.45,37.99,37.99,708.0
2026-02-07,1,04:00,down,3,2.90,2.54,2.67,2.90,2.90,2.90,6.0
2026-02-07,1,04:00,up,5,38.00,37.20,37.50,37.50,37.90,37.96,567.0
2026-02-07,2,08:00,down,9,2.90,2.75,2.85,2.85,2.90,2.90,13.0
2026-02-07,2,08:00,up,1,38.00,38.00,38.00,38.00,38.00,38.00,450.0
2026-02-07,3,12:00,down,11,2.90,2.50,2.62,2.85,2.90,2.90,20.0
2026-02-07,3,12:00,up,3,37.99,37.99,37.99,37.99,37.99,37.99,184.0
2026-02-07,4,16:00,down,4,2.90,2.79,2.86,2.90,2.90,2.90,5.0
2026-02-07,4,16:00,up,2,38.00,38.00,38.00,38.00,38.00,38.00,1050.0
2026-02-07,5,20:00,up,8,38.00,36.70,37.00,37.99,37.99,38.00,1105.0
2026-02-08,0,00:00,down,3,3.00,2.90,2.90,2.90,2.95,2.98,102.0
2026-02-08,0,00:00,up,9,38.00,35.80,37.00,37.90,37.99,37.99,658.0
2026-02-08,1,04:00,up,5,38.00,37.20,37.50,37.50,37.90,37.96,567.0
2026-02-08,2,08:00,down,3,2.90,2.86,2.88,2.90,2.90,2.90,6.0
2026-02-08,2,08:00,up,1,38.00,38.00,38.00,38.00,38.00,38.00,450.0
2026-02-08,3,12:00,down,4,2.90,2.60,2.76,2.88,2.90,2.90,5.0
2026-02-08,3,12:00,up,3,37.99,37.99,37.99,37.99,37.99,37.99,184.0
2026-02-08,4,16:00,down,10,2.90,2.40,2.53,2.83,2.90,2.90,19.0
2026-02-08,4,16:00,up,2,38.00,38.00,38.00,38.00,38.00,38.00,1050.0
2026-02-08,5,20:00,down,12,2.90,2.42,2.73,2.75,2.90,2.90,43.0
2026-02-08,5,20:00,up,8,38.00,36.70,37.00,37.99,37.99,38.00,1105.0
2026-02-09,0,00:00,down,9,3.00,2.00,2.00,2.75,2.75,2.88,135.0
2026-02-09,0,00:00,up,10,38.00,35.00,36.25,37.45,37.99,37.99,667.0
2026-02-09,1,04:00,down,4,2.50,2.00,2.00,2.25,2.50,2.50,26.0
2026-02-09,1,04:00,up,5,38.00,37.20,37.50,37.50,37.90,37.96,567.0
2026-02-09,2,08:00,down,7,2.85,2.24,2.40,2.75,2.75,2.79,46.0
2026-02-09,2,08:00,up,4,38.00,37.99,37.99,37.99,37.99,38.00,636.0
2026-02-09,3,12:00,down,12,2.85,2.04,2.66,2.75,2.77,2.85,57.0
2026-02-09,4,16:00,down,5,2.85,2.50,2.50,2.50,2.75,2.81,26.0
2026-02-09,4,16:00,up,3,38.00,37.60,37.75,38.00,38.00,38.00,1062.0
2026-02-09,5,20:00,down,2,2.75,2.75,2.75,2.75,2.75,2.75,12.0
2026-02-09,5,20:00,up,8,38.00,36.70,37.00,37.99,37.99,38.00,1105.0
2026-02-10,0,00:00,down,20,3.00,2.10,2.59,2.65,2.69,2.98,311.0
2026-02-10,0,00:00,up,10,38.00,35.00,37.00,37.90,37.99,37.99,687.0
2026-02-10,1,04:00,down,12,3.00,2.10,2.47,2.64,2.65,2.69,43.0
2026-02-10,1,04:00,up,4,38.00,37.15,37.38,37.50,37.62,37.85,532.0
2026-02-10,2,08:00,down,10,2.69,2.42,2.55,2.55,2.55,2.69,29.0
2026-02-10,2,08:00,up,4,38.00,37.99,37.99,37.99,37.99,38.00,639.0
2026-02-10,3,12:00,down,13,2.98,2.10,2.49,2.49,2.55,2.89,196.0
2026-02-10,4,16:00,down,5,2.49,2.10,2.10,2.10,2.49,2.49,13.0
2026-02-10,4,16:00,up,2,38.00,38.00,38.00,38.00,38.00,38.00,1050.0
2026-02-10,5,20:00,down,8,2.56,2.53,2.53,2.53,2.54,2.56,20.0
2026-02-10,5,20:00,up,7,38.00,37.00,37.50,37.99,38.00,38.00,1058.0
2026-02-11,0,00:00,down,19,2.57,2.40,2.45,2.53,2.55,2.57,152.0
2026-02-11,0,00:00,up,11,38.00,35.00,37.00,37.90,37.99,37.99,746.0
2026-02-11,1,04:00,down,13,2.55,2.40,2.40,2.55,2.55,2.55,63.0
2026-02-11,1,04:00,up,5,38.00,37.20,37.50,37.50,37.50,37.80,554.0
2026-02-11,2,08:00,down,20,2.55,2.40,2.40,2.53,2.55,2.55,134.0
2026-02-11,2,08:00,up,5,38.00,37.70,37.99,37.99,37.99,38.00,681.0
2026-02-11,3,12:00,down,21,2.53,2.40,2.45,2.47,2.51,2.53,117.0
2026-02-11,4,16:00,down,19,2.45,2.40,2.42,2.43,2.43,2.45,205.0
2026-02-11,4,16:00,up,3,38.00,37.60,37.75,38.00,38.00,38.00,1060.0
2026-02-11,5,20:00,down,15,2.43,2.40,2.42,2.43,2.43,2.43,166.0
2026-02-11,5,20:00,up,8,38.00,37.00,37.38,37.99,37.99,38.00,1112.0
2026-02-12,0,00:00,down,13,2.46,2.31,2.31,2.31,2.40,2.45,175.0
2026-02-12,0,00:00,up,10,38.00,35.00,37.00,37.90,37.99,37.99,718.0
2026-02-12,1,04:00,down,9,2.40,2.30,2.30,2.30,2.30,2.32,58.0
2026-02-12,1,04:00,up,5,38.00,37.20,37.50,37.50,37.50,37.80,562.0
2026-02-12,2,08:00,down,17,2.40,2.30,2.32,2.32,2.40,2.40,71.0
2026-02-12,2,08:00,up,4,38.00,37.99,37.99,37.99,37.99,38.00,649.0
2026-02-12,3,12:00,down,18,2.46,2.30,2.30,2.36,2.40,2.42,244.0
2026-02-12,3,12:00,up,1,35.00,35.00,35.00,35.00,35.00,35.00,3.0
2026-02-12,4,16:00,down,11,2.40,2.29,2.29,2.30,2.30,2.40,25.0
2026-02-12,4,16:00,up,3,38.00,35.60,36.50,38.00,38.00,38.00,1056.0
2026-02-12,5,20:00,down,5,2.30,2.30,2.30,2.30,2.30,2.30,11.0
2026-02-12,5,20:00,up,8,38.00,37.00,37.38,37.99,37.99,38.00,1098.0
2026-02-13,0,00:00,down,1,2.30,2.30,2.30,2.30,2.30,2.30,100.0
2026-02-13,0,00:00,up,9,38.00,35.60,37.00,37.90,37.99,37.99,679.0
2026-02-13,1,04:00,up,5,38.00,35.80,37.00,37.50,37.50,37.80,549.0
2026-02-13,2,08:00,down,6,2.28,2.27,2.27,2.27,2.28,2.28,8.0
2026-02-13,2,08:00,up,4,38.00,37.99,37.99,37.99,37.99,38.00,649.0
2026-02-13,3,12:00,down,4,2.30,2.28,2.29,2.30,2.30,2.30,6.0
2026-02-13,4,16:00,up,2,38.00,38.00,38.00,38.00,38.00,38.00,1050.0
2026-02-13,5,20:00,up,7,38.00,37.00,37.50,37.99,38.00,38.00,1080.0
2026-02-14,0,00:00,down,8,2.17,2.00,2.00,2.00,2.04,2.17,202.0
2026-02-14,0,00:00,up,10,38.00,30.00,37.00,37.90,37.99,37.99,669.0
2026-02-14,1,04:00,down,4,2.00,2.00,2.00,2.00,2.00,2.00,43.0
2026-02-14,1,04:00,up,5,38.00,35.80,37.00,37.50,37.50,37.80,541.0
2026-02-14,2,08:00,down,7,2.00,2.00,2.00,2.00,2.00,2.00,38.0
2026-02-14,2,08:00,up,4,38.00,37.99,37.99,37.99,37.99,38.00,649.0
2026-02-14,3,12:00,down,10,2.17,2.00,2.00,2.00,2.00,2.17,206.0
2026-02-14,4,16:00,down,4,2.00,2.00,2.00,2.00,2.00,2.00,10.0
2026-02-14,4,16:00,up,2,38.00,38.00,38.00,38.00,38.00,38.00,1050.0
2026-02-14,5,20:00,down,6,2.00,2.00,2.00,2.00,2.00,2.00,21.0
2026-02-14,5,20:00,up,7,38.00,37.00,37.50,37.99,38.00,38.00,1068.0
2026-02-15,0,00:00,down,9,2.17,2.00,2.00,2.00,2.00,2.17,138.0
2026-02-15,0,00:00,up,8,38.00,37.00,37.67,37.95,37.99,37.99,657.0
2026-02-15,1,04:00,down,6,2.00,2.00,2.00,2.00,2.00,2.00,75.0
2026-02-15,1,04:00,up,5,38.00,35.80,37.00,37.50,37.50,37.80,541.0
2026-02-15,2,08:00,down,3,2.00,2.00,2.00,2.00,2.00,2.00,36.0
2026-02-15,2,08:00,up,4,38.00,37.99,37.99,37.99,37.99,38.00,649.0
2026-02-15,3,12:00,down,9,2.17,2.00,2.00,2.00,2.00,2.17,242.0
2026-02-15,4,16:00,down,7,2.00,2.00,2.00,2.00,2.00,2.00,80.0
2026-02-15,4,16:00,up,2,38.00,38.00,38.00,38.00,38.00,38.00,1050.0
2026-02-15,5,20:00,down,10,2.00,2.00,2.00,2.00,2.00,2.00,87.0
2026-02-15,5,20:00,up,7,38.00,37.00,37.50,37.99,38.00,38.00,1068.0
2026-02-16,0,00:00,down,10,2.17,2.00,2.00,2.00,2.00,2.17,146.0
2026-02-16,0,00:00,up,9,38.00,35.60,37.00,37.91,37.99,37.99,663.0
2026-02-16,1,04:00,down,4,2.30,2.00,2.00,2.00,2.08,2.21,103.0
2026-02-16,1,04:00,up,5,38.00,35.80,37.00,37.50,37.50,37.80,541.0
2026-02-16,2,08:00,down,4,2.25,2.00,2.00,2.00,2.06,2.17,13.0
2026-02-16,2,08:00,up,4,38.00,37.99,37.99,37.99,37.99,38.00,649.0
2026-02-16,3,12:00,down,7,2.25,2.00,2.00,2.17,2.17,2.20,204.0
2026-02-16,4,16:00,down,2,2.17,2.02,2.04,2.08,2.13,2.15,101.0
2026-02-16,4,16:00,up,2,38.00,38.00,38.00,38.00,38.00,38.00,1050.0
2026-02-16,5,20:00,down,2,2.00,2.00,2.00,2.00,2.00,2.00,2.0
2026-02-16,5,20:00,up,7,38.00,37.00,37.50,37.99,38.00,38.00,1068.0
2026-02-17,0,00:00,down,16,2.10,1.88,1.89,1.93,1.98,2.00,155.0
2026-02-17,0,00:00,up,9,38.00,35.60,37.00,37.91,37.99,37.99,701.0
2026-02-17,1,04:00,down,16,2.00,1.75,1.75,1.85,1.96,2.00,112.0
2026-02-17,1,04:00,up,5,38.00,35.80,37.00,37.50,37.50,37.80,549.0
2026-02-17,2,08:00,down,20,2.00,1.84,1.89,1.92,1.96,2.00,160.0
2026-02-17,2,08:00,up,4,38.00,37.99,37.99,37.99,37.99,38.00,649.0
2026-02-17,3,12:00,down,19,2.00,1.88,1.88,1.95,1.95,2.00,238.0
2026-02-17,4,16:00,down,14,2.00,1.75,1.77,1.85,1.97,1.99,149.0
2026-02-17,4,16:00,up,3,38.00,37.60,37.75,38.00,38.00,38.00,1066.0
2026-02-17,5,20:00,down,13,2.00,1.76,1.76,1.81,1.81,2.00,129.0
2026-02-17,5,20:00,up,7,38.00,37.00,37.50,37.99,38.00,38.00,1078.0
2026-02-18,0,00:00,down,15,1.90,1.55,1.55,1.78,1.80,1.80,258.0
2026-02-18,0,00:00,up,9,38.00,35.60,37.00,37.91,37.99,37.99,699.0
2026-02-18,1,04:00,down,12,1.90,1.60,1.60,1.80,1.81,1.81,301.0
2026-02-18,1,04:00,up,5,38.00,35.80,37.00,37.50,37.50,37.80,547.0
2026-02-18,2,08:00,down,22,1.82,1.70,1.77,1.80,1.80,1.82,226.0
2026-02-18,2,08:00,up,5,38.00,36.20,37.99,37.99,37.99,38.00,658.0
2026-02-18,3,12:00,down,17,1.84,1.76,1.76,1.80,1.80,1.84,180.0
2026-02-18,4,16:00,down,17,1.81,1.50,1.64,1.74,1.80,1.81,176.0
2026-02-18,4,16:00,up,2,38.00,38.00,38.00,38.00,38.00,38.00,1050.0
2026-02-18,5,20:00,down,24,1.80,1.55,1.55,1.60,1.80,1.80,285.0
2026-02-18,5,20:00,up,7,38.00,37.00,37.50,37.99,38.00,38.00,1074.0
2026-02-19,0,00:00,down,4,1.80,1.73,1.77,1.79,1.79,1.80,314.0
2026-02-19,0,00:00,up,8,38.00,34.90,37.00,37.95,37.99,37.99,682.0
2026-02-19,1,04:00,down,2,1.80,1.62,1.65,1.70,1.75,1.78,200.0
2026-02-19,1,04:00,up,5,38.00,35.80,37.00,37.50,37.50,37.80,538.0
2026-02-19,2,08:00,down,1,1.70,1.70,1.70,1.70,1.70,1.70,100.0
2026-02-19,2,08:00,up,4,38.00,37.99,37.99,37.99,37.99,38.00,666.0
2026-02-19,3,12:00,down,3,1.80,1.79,1.79,1.79,1.79,1.80,292.0
2026-02-19,4,16:00,down,1,1.70,1.70,1.70,1.70,1.70,1.70,100.0
2026-02-19,4,16:00,up,2,38.00,38.00,38.00,38.00,38.00,38.00,1050.0
2026-02-19,5,20:00,down,1,1.60,1.60,1.60,1.60,1.60,1.60,100.0
2026-02-19,5,20:00,up,7,38.00,37.00,37.50,37.99,38.00,38.00,1082.0
2026-02-20,0,00:00,down,24,1.70,1.50,1.50,1.50,1.52,1.63,451.0
2026-02-20,0,00:00,up,9,38.00,35.44,37.00,37.90,37.99,37.99,685.0
2026-02-20,1,04:00,down,22,1.79,1.38,1.48,1.50,1.50,1.68,422.0
2026-02-20,1,04:00,up,7,38.00,36.68,36.85,37.00,37.50,37.70,604.0
2026-02-20,2,08:00,down,16,1.64,1.40,1.48,1.50,1.60,1.62,250.0
2026-02-20,2,08:00,up,7,38.00,35.90,36.65,37.99,37.99,37.99,733.0
2026-02-20,3,12:00,down,19,1.79,1.44,1.45,1.50,1.62,1.79,473.0
2026-02-20,4,16:00,down,20,1.64,1.37,1.46,1.47,1.50,1.60,348.0
2026-02-20,4,16:00,up,2,38.00,38.00,38.00,38.00,38.00,38.00,1050.0
2026-02-20,5,20:00,down,6,1.50,1.44,1.50,1.50,1.50,1.50,137.0
2026-02-20,5,20:00,up,9,38.00,36.76,37.00,37.99,37.99,38.00,1140.0
2026-02-21,0,00:00,down,25,1.60,1.30,1.30,1.32,1.35,1.49,541.0
2026-02-21,0,00:00,up,10,38.00,36.12,36.85,37.45,37.99,37.99,730.0
2026-02-21,1,04:00,down,18,1.60,1.18,1.28,1.30,1.30,1.40,511.0
2026-02-21,1,04:00,up,5,38.00,36.64,37.00,37.50,37.50,37.80,579.0
2026-02-21,2,08:00,down,13,1.60,1.20,1.20,1.40,1.40,1.50,374.0
2026-02-21,2,08:00,up,8,38.00,36.38,36.65,37.39,37.99,37.99,869.0
2026-02-21,3,12:00,down,18,1.49,1.20,1.25,1.30,1.35,1.43,323.0
2026-02-21,4,16:00,down,16,1.40,1.26,1.26,1.26,1.28,1.35,179.0
2026-02-21,4,16:00,up,2,38.00,38.00,38.00,38.00,38.00,38.00,1050.0
2026-02-21,5,20:00,down,6,1.30,1.28,1.30,1.30,1.30,1.30,19.0
2026-02-21,5,20:00,up,7,38.00,37.00,37.50,37.99,38.00,38.00,1085.0
2026-02-22,0,00:00,down,22,1.60,1.30,1.30,1.31,1.34,1.49,384.0
2026-02-22,0,00:00,up,9,38.00,35.44,36.80,37.00,37.99,37.99,704.0
2026-02-22,1,04:00,down,17,1.60,1.18,1.28,1.30,1.30,1.40,451.0
2026-02-22,1,04:00,up,5,38.00,36.64,37.00,37.50,37.50,37.80,579.0
2026-02-22,2,08:00,down,14,1.60,1.20,1.24,1.40,1.40,1.50,358.0
2026-02-22,2,08:00,up,7,38.00,36.34,36.60,36.80,37.99,37.99,843.0
2026-02-22,3,12:00,down,15,1.49,1.20,1.23,1.25,1.30,1.43,261.0
2026-02-22,3,12:00,up,1,37.99,37.99,37.99,37.99,37.99,37.99,26.0
2026-02-22,4,16:00,down,12,1.40,1.26,1.26,1.28,1.30,1.35,164.0
2026-02-22,4,16:00,up,2,38.00,38.00,38.00,38.00,38.00,38.00,1050.0
2026-02-22,5,20:00,down,7,1.35,1.28,1.30,1.30,1.30,1.32,42.0
2026-02-22,5,20:00,up,7,38.00,37.00,37.50,37.99,38.00,38.00,1085.0
2026-02-23,0,00:00,down,20,1.60,1.30,1.30,1.32,1.35,1.49,370.0
2026-02-23,0,00:00,up,10,38.00,36.12,36.85,37.45,37.99,37.99,730.0
2026-02-23,1,04:00,down,17,1.60,1.18,1.28,1.30,1.35,1.40,438.0
2026-02-23,1,04:00,up,4,38.00,37.15,37.38,37.50,37.62,37.85,529.0
2026-02-23,2,08:00,down,14,1.60,1.20,1.25,1.40,1.40,1.50,324.0
2026-02-23,2,08:00,up,7,38.00,35.90,36.60,37.99,37.99,37.99,778.0
2026-02-23,3,12:00,down,16,1.49,1.20,1.20,1.25,1.30,1.40,222.0
2026-02-23,4,16:00,down,9,1.40,1.26,1.26,1.28,1.28,1.30,114.0
2026-02-23,4,16:00,up,2,38.00,38.00,38.00,38.00,38.00,38.00,1050.0
2026-02-23,5,20:00,down,3,1.30,1.30,1.30,1.30,1.30,1.30,5.0
2026-02-23,5,20:00,up,7,38.00,37.00,37.50,37.99,38.00,38.00,1085.0
2026-02-24,0,00:00,down,2,0.99,0.99,0.99,0.99,0.99,0.99,114.0
2026-02-24,0,00:00,up,10,38.00,35.85,37.00,37.91,37.99,37.99,823.0
2026-02-24,1,04:00,up,5,38.00,36.88,37.00,37.50,37.50,37.80,642.0
2026-02-24,2,08:00,up,7,38.00,36.02,37.10,37.99,37.99,37.99,788.0
2026-02-24,3,12:00,down,2,0.99,0.99,0.99,0.99,0.99,0.99,196.0
2026-02-24,4,16:00,up,2,38.00,38.00,38.00,38.00,38.00,38.00,1050.0
2026-02-24,5,20:00,up,7,38.00,37.00,37.50,37.99,38.00,38.00,1092.0
2026-02-25,0,00:00,down,22,1.00,0.79,0.81,0.86,0.89,0.99,445.0
2026-02-25,0,00:00,up,11,38.00,36.50,36.85,37.90,37.99,37.99,867.0
2026-02-25,1,04:00,down,17,1.00,0.83,0.84,0.87,0.89,0.89,318.0
2026-02-25,1,04:00,up,7,38.00,36.96,37.25,37.50,37.99,37.99,671.0
2026-02-25,2,08:00,down,20,1.00,0.69,0.79,0.84,0.86,0.89,295.0
2026-02-25,2,08:00,up,9,38.00,36.36,36.90,37.99,37.99,37.99,867.0
2026-02-25,3,12:00,down,27,0.99,0.75,0.82,0.87,0.89,0.89,501.0
2026-02-25,3,12:00,up,1,37.50,37.50,37.50,37.50,37.50,37.50,16.0
2026-02-25,4,16:00,down,18,1.00,0.85,0.86,0.89,0.91,0.92,150.0
2026-02-25,4,16:00,up,7,38.00,37.99,37.99,37.99,38.00,38.00,1302.0
2026-02-25,5,20:00,down,22,0.92,0.79,0.82,0.84,0.89,0.89,101.0
2026-02-25,5,20:00,up,7,38.00,37.00,37.50,37.99,38.00,38.00,1098.0
2026-02-26,0,00:00,down,17,0.80,0.73,0.73,0.74,0.75,0.80,303.0
2026-02-26,0,00:00,up,10,38.00,35.94,37.00,37.91,37.99,37.99,806.0
2026-02-26,1,04:00,down,17,0.80,0.74,0.75,0.75,0.76,0.76,223.0
2026-02-26,1,04:00,up,4,38.00,37.15,37.38,37.50,37.62,37.85,547.0
2026-02-26,2,08:00,down,16,0.80,0.69,0.69,0.70,0.72,0.73,236.0
2026-02-26,2,08:00,up,8,38.00,36.19,36.77,37.75,37.99,37.99,899.0
2026-02-26,3,12:00,down,12,0.80,0.69,0.69,0.72,0.72,0.73,104.0
2026-02-26,3,12:00,up,1,37.50,37.50,37.50,37.50,37.50,37.50,21.0
2026-02-26,4,16:00,down,15,0.80,0.73,0.73,0.79,0.79,0.79,211.0
2026-02-26,4,16:00,up,4,38.00,37.01,37.33,37.75,38.00,38.00,1158.0
2026-02-26,5,20:00,down,14,0.79,0.74,0.74,0.75,0.76,0.78,70.0
2026-02-26,5,20:00,up,7,38.00,37.00,37.50,37.99,38.00,38.00,1095.0
2026-02-27,0,00:00,down,13,0.78,0.65,0.66,0.69,0.70,0.76,249.0
2026-02-27,0,00:00,up,11,38.00,36.60,36.85,37.90,37.99,37.99,890.0
2026-02-27,1,04:00,down,6,0.70,0.64,0.65,0.68,0.69,0.69,113.0
2026-02-27,1,04:00,up,4,38.00,37.15,37.38,37.50,37.62,37.85,534.0
2026-02-27,2,08:00,down,11,0.78,0.69,0.69,0.70,0.71,0.78,303.0
2026-02-27,2,08:00,up,8,38.00,36.19,36.77,37.99,37.99,37.99,1070.0
2026-02-27,3,12:00,down,5,0.71,0.71,0.71,0.71,0.71,0.71,11.0
2026-02-27,4,16:00,down,4,0.78,0.70,0.71,0.74,0.78,0.78,299.0
2026-02-27,4,16:00,up,4,38.00,37.16,37.69,38.00,38.00,38.00,1327.0
2026-02-27,5,20:00,up,7,38.00,37.00,37.50,37.99,38.00,38.00,1095.0
2026-02-28,0,00:00,down,6,0.78,0.60,0.61,0.63,0.74,0.78,232.0
2026-02-28,0,00:00,up,14,38.00,36.60,36.60,37.00,37.97,37.99,1046.0
2026-02-28,1,04:00,down,3,0.63,0.61,0.61,0.63,0.63,0.63,115.0
2026-02-28,1,04:00,up,10,38.00,36.80,37.00,37.50,37.99,37.99,1039.0
2026-02-28,2,08:00,down,7,0.78,0.59,0.59,0.59,0.69,0.78,123.0
2026-02-28,2,08:00,up,6,38.00,36.50,37.02,37.99,37.99,38.00,855.0
2026-02-28,3,12:00,down,6,0.60,0.59,0.59,0.59,0.60,0.60,16.0
2026-02-28,4,16:00,down,8,0.63,0.60,0.60,0.61,0.62,0.63,222.0
2026-02-28,4,16:00,up,7,38.00,36.76,37.39,37.99,38.00,38.00,1455.0
2026-02-28,5,20:00,down,2,0.60,0.51,0.53,0.55,0.57,0.59,200.0
2026-02-28,5,20:00,up,7,38.00,37.00,37.50,37.99,38.00,38.00,1076.0
2026-03-01,0,00:00,down,5,0.78,0.61,0.63,0.63,0.78,0.78,230.0
2026-03-01,0,00:00,up,15,38.00,36.60,36.60,37.00,37.95,37.99,1146.0
2026-03-01,1,04:00,down,3,0.63,0.61,0.61,0.63,0.63,0.63,115.0
2026-03-01,1,04:00,up,10,38.00,36.80,37.00,37.50,37.99,37.99,1039.0
2026-03-01,2,08:00,down,9,0.78,0.57,0.59,0.59,0.59,0.78,130.0
2026-03-01,2,08:00,up,6,38.00,36.50,37.02,37.99,37.99,38.00,855.0
2026-03-01,3,12:00,down,8,0.66,0.59,0.59,0.60,0.61,0.65,12.0
2026-03-01,4,16:00,down,10,0.68,0.60,0.60,0.62,0.65,0.67,232.0
2026-03-01,4,16:00,up,7,38.00,36.76,37.39,37.99,38.00,38.00,1455.0
2026-03-01,5,20:00,down,6,0.65,0.55,0.61,0.64,0.65,0.65,219.0
2026-03-01,5,20:00,up,7,38.00,37.00,37.50,37.99,38.00,38.00,1076.0
2026-03-02,0,00:00,down,17,0.78,0.62,0.64,0.65,0.67,0.72,265.0
2026-03-02,0,00:00,up,15,38.00,36.60,36.60,37.00,37.95,37.99,1146.0
2026-03-02,1,04:00,down,10,0.65,0.59,0.63,0.64,0.64,0.65,235.0
2026-03-02,1,04:00,up,8,38.00,36.94,37.38,37.75,37.99,37.99,839.0
2026-03-02,2,08:00,down,12,0.78,0.59,0.59,0.60,0.64,0.77,134.0
2026-03-02,2,08:00,up,7,38.00,36.02,37.30,37.99,37.99,37.99,824.0
2026-03-02,3,12:00,down,5,0.78,0.59,0.59,0.60,0.78,0.78,202.0
2026-03-02,4,16:00,down,4,0.64,0.61,0.62,0.63,0.63,0.64,215.0
2026-03-02,4,16:00,up,3,38.00,37.04,37.40,38.00,38.00,38.00,1150.0
2026-03-02,5,20:00,down,5,0.64,0.54,0.60,0.60,0.60,0.62,207.0
2026-03-02,5,20:00,up,7,38.00,37.00,37.50,37.99,38.00,38.00,1076.0
2026-03-03,0,00:00,down,10,1.00,0.49,0.51,0.55,0.55,0.64,324.0
2026-03-03,0,00:00,up,13,38.00,36.60,36.60,37.00,37.99,37.99,913.0
2026-03-03,1,04:00,down,10,0.54,0.37,0.38,0.48,0.52,0.53,327.0
2026-03-03,1,04:00,up,8,38.00,37.35,37.50,37.95,37.99,37.99,776.0
2026-03-03,2,08:00,down,11,1.00,0.36,0.53,0.53,0.54,1.00,214.0
2026-03-03,2,08:00,up,8,38.00,35.00,36.42,37.75,37.99,37.99,793.0
2026-03-03,3,12:00,down,19,1.00,0.54,0.55,0.56,0.59,0.60,137.0
2026-03-03,3,12:00,up,1,37.50,37.50,37.50,37.50,37.50,37.50,27.0
2026-03-03,4,16:00,down,10,0.65,0.47,0.47,0.48,0.62,0.65,218.0
2026-03-03,4,16:00,up,3,38.00,37.60,37.75,38.00,38.00,38.00,1058.0
2026-03-03,5,20:00,down,15,0.60,0.37,0.37,0.47,0.47,0.49,247.0
2026-03-03,5,20:00,up,7,38.00,37.00,37.50,37.99,38.00,38.00,1076.0
2026-03-04,0,00:00,down,21,0.60,0.37,0.44,0.45,0.55,0.55,374.0
2026-03-04,0,00:00,up,10,38.00,36.30,37.00,37.65,37.69,37.92,710.0
2026-03-04,1,04:00,down,7,3.00,0.36,0.42,0.50,0.55,1.53,310.0
2026-03-04,1,04:00,up,5,38.00,37.20,37.50,37.50,37.91,37.96,571.0
2026-03-04,2,08:00,down,11,10.00,0.53,0.53,0.54,5.30,10.00,328.0
2026-03-04,2,08:00,up,9,38.00,35.00,36.90,37.50,37.65,37.72,773.0
2026-03-04,3,12:00,down,13,10.00,0.50,0.50,0.51,0.52,0.52,132.0
2026-03-04,4,16:00,down,18,0.70,0.36,0.36,0.47,0.50,0.57,357.0
2026-03-04,4,16:00,up,3,38.00,37.60,37.75,38.00,38.00,38.00,1058.0
2026-03-04,5,20:00,down,17,0.50,0.18,0.20,0.36,0.40,0.50,249.0
2026-03-04,5,20:00,up,7,38.00,37.00,37.33,37.65,37.83,38.00,1078.0
2026-03-05,0,00:00,down,23,10.00,0.30,0.35,0.36,0.40,10.00,377.0
2026-03-05,0,00:00,up,11,50.00,37.00,37.00,37.70,44.00,50.00,900.0
2026-03-05,1,04:00,down,19,10.00,0.20,0.25,0.30,0.38,5.60,244.0
2026-03-05,1,04:00,up,8,38.00,37.35,37.50,37.65,37.71,37.94,791.0
2026-03-05,2,08:00,down,26,10.00,0.25,0.47,3.12,4.00,4.51,265.0
2026-03-05,2,08:00,up,8,38.00,36.33,37.35,37.58,37.65,37.75,831.0
2026-03-05,3,12:00,down,30,4.51,2.39,3.00,3.39,3.78,3.81,106.0
2026-03-05,3,12:00,up,1,35.00,35.00,35.00,35.00,35.00,35.00,9.0
2026-03-05,4,16:00,down,21,10.00,0.27,0.27,0.30,0.47,0.50,137.0
2026-03-05,4,16:00,up,6,50.00,37.50,37.62,38.00,47.00,50.00,1133.0
2026-03-05,5,20:00,down,23,10.00,0.12,0.27,0.27,0.30,0.30,196.0
2026-03-05,5,20:00,up,7,50.00,37.00,37.33,38.00,44.00,50.00,1095.0
2026-03-06,0,00:00,down,18,16.00,2.00,2.25,2.29,2.50,4.74,296.0
2026-03-06,0,00:00,up,10,38.00,36.30,37.00,37.80,37.99,37.99,678.0
2026-03-06,1,04:00,down,10,4.50,2.56,2.59,2.66,2.72,4.50,72.0
2026-03-06,1,04:00,up,5,38.00,37.20,37.50,37.50,37.50,37.80,555.0
2026-03-06,2,08:00,down,29,4.91,2.55,2.56,4.50,4.60,4.80,199.0
2026-03-06,2,08:00,up,9,38.00,36.20,36.70,37.50,37.99,37.99,834.0
2026-03-06,3,12:00,down,32,4.80,3.54,3.96,4.00,4.33,4.50,274.0
2026-03-06,4,16:00,down,24,2.57,2.43,2.43,2.50,2.50,2.55,279.0
2026-03-06,4,16:00,up,4,38.00,37.62,37.81,37.95,38.00,38.00,1078.0
2026-03-06,5,20:00,down,16,4.50,2.22,2.22,2.37,2.43,2.50,35.0
2026-03-06,5,20:00,up,8,38.00,37.00,37.38,37.99,37.99,38.00,1088.0
2026-03-07,0,00:00,down,8,9.99,1.87,2.19,9.50,9.99,9.99,397.0
2026-03-07,0,00:00,up,10,38.00,36.30,37.00,37.80,37.99,37.99,668.0
2026-03-07,1,04:00,down,4,9.99,5.85,7.88,9.50,9.99,9.99,204.0
2026-03-07,1,04:00,up,4,38.00,37.15,37.38,37.50,37.62,37.85,546.0
2026-03-07,2,08:00,down,9,9.99,3.67,4.06,4.65,5.52,6.41,86.0
2026-03-07,2,08:00,up,9,38.00,36.44,36.50,37.50,37.99,37.99,889.0
2026-03-07,3,12:00,down,13,9.99,3.86,3.87,3.94,4.28,8.06,137.0
2026-03-07,4,16:00,down,10,9.00,2.10,2.15,2.50,4.14,9.00,165.0
2026-03-07,4,16:00,up,5,38.00,37.50,37.50,37.91,38.00,38.00,1091.0
2026-03-07,5,20:00,down,9,9.00,1.91,1.91,2.08,2.08,3.48,28.0
2026-03-07,5,20:00,up,7,38.00,37.00,37.50,37.99,38.00,38.00,1050.0
2026-03-08,0,00:00,down,6,9.99,5.65,9.25,9.99,9.99,9.99,394.0
2026-03-08,0,00:00,up,9,38.00,35.60,37.00,37.91,37.99,37.99,652.0
2026-03-08,1,04:00,down,4,9.99,5.85,7.88,9.50,9.99,9.99,204.0
2026-03-08,1,04:00,up,4,38.00,37.15,37.38,37.50,37.62,37.85,546.0
2026-03-08,2,08:00,down,8,9.99,4.06,4.39,4.65,5.52,6.86,81.0
2026-03-08,2,08:00,up,9,38.00,36.44,36.50,37.50,37.99,37.99,889.0
2026-03-08,3,12:00,down,14,9.99,3.86,3.87,3.97,4.45,9.00,154.0
2026-03-08,4,16:00,down,13,9.00,2.10,2.10,2.50,3.07,4.21,146.0
2026-03-08,4,16:00,up,5,38.00,37.50,37.50,37.91,38.00,38.00,1091.0
2026-03-08,5,20:00,down,3,9.00,2.08,2.09,2.10,5.55,7.62,22.0
2026-03-08,5,20:00,up,7,38.00,37.00,37.50,37.99,38.00,38.00,1050.0
2026-03-09,0,00:00,down,5,9.99,4.98,9.00,9.99,9.99,9.99,380.0
2026-03-09,0,00:00,up,9,38.00,35.60,37.00,37.91,37.99,37.99,652.0
2026-03-09,1,04:00,down,5,9.99,3.00,4.50,9.00,9.99,9.99,205.0
2026-03-09,1,04:00,up,4,38.00,37.15,37.38,37.50,37.62,37.85,542.0
2026-03-09,2,08:00,down,10,5.52,2.91,4.06,4.50,4.65,5.52,18.0
2026-03-09,2,08:00,up,9,38.00,36.50,37.50,37.50,37.99,37.99,809.0
2026-03-09,3,12:00,down,22,9.00,3.86,3.87,3.94,4.00,4.28,50.0
2026-03-09,4,16:00,down,20,9.00,2.10,2.10,2.50,3.07,4.95,183.0
2026-03-09,4,16:00,up,5,38.00,37.50,37.50,37.91,38.00,38.00,1091.0
2026-03-09,5,20:00,down,2,9.00,3.15,4.12,5.75,7.38,8.35,26.0
2026-03-09,5,20:00,up,7,38.00,37.00,37.50,37.99,38.00,38.00,1050.0
2026-03-10,0,00:00,down,5,15.00,2.20,2.20,2.50,15.00,15.00,225.0
2026-03-10,0,00:00,up,10,38.00,36.30,37.00,37.80,37.99,37.99,723.0
2026-03-10,1,04:00,down,6,4.50,2.20,2.20,2.30,3.98,4.50,120.0
2026-03-10,1,04:00,up,5,38.00,37.20,37.50,37.50,37.50,37.80,551.0
2026-03-10,2,08:00,down,12,9.99,5.73,6.00,6.00,6.00,9.59,218.0
2026-03-10,2,08:00,up,8,38.00,36.64,36.77,37.75,37.99,37.99,897.0
2026-03-10,3,12:00,down,22,6.00,3.87,3.89,4.75,5.00,5.50,68.0
2026-03-10,3,12:00,up,1,37.50,37.50,37.50,37.50,37.50,37.50,13.0
2026-03-10,4,16:00,down,26,15.00,2.10,2.20,3.07,4.00,10.35,545.0
2026-03-10,4,16:00,up,5,38.00,37.50,37.50,37.91,38.00,38.00,1092.0
2026-03-10,5,20:00,down,11,4.50,1.91,1.91,2.08,2.24,2.50,223.0
2026-03-10,5,20:00,up,8,38.00,37.00,37.38,37.99,37.99,38.00,1083.0
2026-03-14,0,00:00,down,6,2.20,2.12,2.15,2.17,2.20,2.20,116.0
2026-03-14,0,00:00,up,10,38.00,36.30,37.00,37.45,37.99,37.99,693.0
2026-03-14,1,04:00,down,6,9.00,1.96,1.97,2.03,2.17,5.60,11.0
2026-03-14,1,04:00,up,5,38.00,37.00,37.00,37.50,37.50,37.80,558.0
2026-03-14,2,08:00,down,19,16.00,2.20,9.00,12.50,15.00,15.99,343.0
2026-03-14,2,08:00,up,12,38.00,36.64,37.22,37.50,37.99,37.99,1134.0
2026-03-14,3,12:00,down,18,15.00,12.00,12.50,13.75,14.33,15.00,53.0
2026-03-14,4,16:00,down,25,9.00,1.72,1.75,2.10,5.00,6.96,176.0
2026-03-14,4,16:00,up,6,38.00,37.20,37.50,37.70,37.98,38.00,1196.0
2026-03-14,5,20:00,down,14,2.20,1.88,1.88,1.88,1.89,2.11,47.0
2026-03-14,5,20:00,up,7,38.00,37.00,37.50,37.99,38.00,38.00,1070.0
2026-03-15,0,00:00,down,10,2.20,2.15,2.15,2.15,2.15,2.15,117.0
2026-03-15,0,00:00,up,10,38.00,36.30,37.00,37.45,37.99,37.99,693.0
2026-03-15,1,04:00,down,15,9.00,1.96,1.97,1.98,2.08,2.20,45.0
2026-03-15,1,04:00,up,4,38.00,37.15,37.38,37.50,37.62,37.85,546.0
2026-03-15,2,08:00,down,20,16.00,2.19,9.00,12.50,15.00,15.99,374.0
2026-03-15,2,08:00,up,11,38.00,36.60,37.15,37.50,37.99,37.99,1014.0
2026-03-15,3,12:00,down,12,15.00,12.00,12.38,12.50,14.00,14.90,64.0
2026-03-15,4,16:00,down,25,9.00,1.72,1.75,2.10,5.00,6.96,184.0
2026-03-15,4,16:00,up,6,38.00,37.20,37.50,37.70,37.98,38.00,1196.0
2026-03-15,5,20:00,down,11,2.20,1.88,1.88,1.88,1.89,2.20,19.0
2026-03-15,5,20:00,up,7,38.00,37.00,37.50,37.99,38.00,38.00,1070.0
2026-03-16,0,00:00,down,5,2.50,2.12,2.15,2.15,2.15,2.36,206.0
2026-03-16,0,00:00,up,10,38.00,36.30,37.00,37.45,37.99,37.99,693.0
2026-03-16,1,04:00,down,13,2.40,1.96,1.97,2.08,2.20,2.30,321.0
2026-03-16,1,04:00,up,5,38.00,37.20,37.50,37.50,37.50,37.80,551.0
2026-03-16,2,08:00,down,11,16.00,2.20,6.10,15.00,15.50,15.99,431.0
2026-03-16,2,08:00,up,12,38.00,36.64,37.22,37.50,37.99,37.99,958.0
2026-03-16,3,12:00,down,5,15.00,12.00,12.00,14.00,14.00,14.60,19.0
2026-03-16,3,12:00,up,1,37.50,37.50,37.50,37.50,37.50,37.50,23.0
2026-03-16,4,16:00,down,9,6.90,2.10,2.20,2.20,5.00,5.38,509.0
2026-03-16,4,16:00,up,5,38.00,37.50,37.50,37.91,38.00,38.00,1092.0
2026-03-16,5,20:00,down,2,2.30,2.21,2.23,2.25,2.27,2.29,200.0
2026-03-16,5,20:00,up,8,38.00,37.00,37.38,37.99,37.99,38.00,1083.0
2026-03-17,0,00:00,down,3,15.99,4.80,9.00,15.99,15.99,15.99,214.0
2026-03-17,0,00:00,up,10,38.00,36.30,37.00,37.45,37.99,37.99,723.0
2026-03-17,1,04:00,down,3,9.00,3.56,5.60,9.00,9.00,9.00,13.0
2026-03-17,1,04:00,up,5,38.00,37.20,37.50,37.50,37.50,37.80,551.0
2026-03-17,2,08:00,down,7,25.00,6.28,10.00,15.00,15.00,19.00,126.0
2026-03-17,2,08:00,up,9,38.00,36.46,37.50,37.50,37.99,37.99,755.0
2026-03-17,3,12:00,down,10,15.00,12.00,12.23,13.50,14.75,15.00,122.0
2026-03-17,4,16:00,down,17,9.00,1.90,1.90,2.20,5.43,5.43,237.0
2026-03-17,4,16:00,up,5,38.00,37.50,37.50,37.91,38.00,38.00,1092.0
2026-03-17,5,20:00,down,7,9.00,1.90,1.90,1.90,1.90,4.74,20.0
2026-03-17,5,20:00,up,8,38.00,37.00,37.38,37.99,37.99,38.00,1113.0
2026-03-18,0,00:00,down,15,13.00,1.80,1.80,1.80,3.00,13.00,282.0
2026-03-18,0,00:00,up,9,38.00,37.00,37.00,37.91,37.99,37.99,667.0
2026-03-18,1,04:00,down,14,13.00,1.80,1.80,1.90,2.00,9.70,114.0
2026-03-18,1,04:00,up,5,38.00,37.20,37.50,37.50,37.50,37.80,551.0
2026-03-18,2,08:00,down,28,15.99,5.97,9.42,12.50,13.62,15.50,414.0
2026-03-18,2,08:00,up,12,38.00,36.55,36.99,37.50,37.99,37.99,895.0
2026-03-18,3,12:00,down,27,15.50,10.29,12.00,13.00,15.00,15.50,350.0
2026-03-18,3,12:00,up,3,37.99,37.99,37.99,37.99,37.99,37.99,182.0
2026-03-18,4,16:00,down,31,13.00,1.72,1.72,1.90,5.00,13.00,396.0
2026-03-18,4,16:00,up,5,38.00,37.50,37.50,37.91,38.00,38.00,1092.0
2026-03-18,5,20:00,down,12,13.00,1.73,1.73,1.73,13.00,13.00,121.0
2026-03-18,5,20:00,up,8,38.00,37.00,37.38,37.99,37.99,38.00,1064.0
2026-03-19,0,00:00,down,20,13.00,1.66,1.67,1.67,2.25,13.00,339.0
2026-03-19,0,00:00,up,9,38.00,35.60,37.00,37.91,37.99,37.99,707.0
2026-03-19,1,04:00,down,13,13.00,1.66,1.66,1.90,13.00,13.00,156.0
2026-03-19,1,04:00,up,5,38.00,37.00,37.00,37.50,37.50,37.80,547.0
2026-03-19,2,08:00,down,28,15.99,1.83,2.82,12.00,13.62,15.50,435.0
2026-03-19,2,08:00,up,9,38.00,36.00,36.50,37.00,37.99,37.99,720.0
2026-03-19,3,12:00,down,21,15.50,1.66,12.00,13.00,13.00,15.00,206.0
2026-03-19,3,12:00,up,2,37.50,37.05,37.12,37.25,37.38,37.45,103.0
2026-03-19,4,16:00,down,16,13.00,1.73,1.80,2.50,5.00,9.00,426.0
2026-03-19,4,16:00,up,5,38.00,37.20,37.50,37.91,38.00,38.00,1092.0
2026-03-19,5,20:00,down,12,13.00,1.66,1.66,1.73,13.00,13.00,146.0
2026-03-19,5,20:00,up,7,38.00,37.30,37.75,37.99,38.00,38.00,1075.0
2026-03-20,0,00:00,down,19,13.00,1.57,1.57,1.70,1.85,13.00,298.0
2026-03-20,0,00:00,up,10,38.00,35.40,36.25,37.45,37.99,37.99,723.0
2026-03-20,1,04:00,down,11,13.00,1.58,1.58,1.70,13.00,13.00,185.0
2026-03-20,1,04:00,up,5,38.00,37.70,37.99,37.99,37.99,38.00,716.0
2026-03-20,2,08:00,down,31,14.00,1.57,2.40,10.80,13.00,14.00,342.0
2026-03-20,2,08:00,up,8,38.00,36.00,36.22,36.45,37.50,37.65,718.0
2026-03-20,3,12:00,down,17,14.00,7.55,10.00,10.00,11.62,14.00,127.0
2026-03-20,3,12:00,up,2,37.00,36.82,36.85,36.90,36.95,36.98,190.0
2026-03-20,4,16:00,down,28,13.00,1.55,1.55,1.70,2.00,10.20,423.0
2026-03-20,4,16:00,up,6,38.00,36.50,37.12,37.70,37.98,38.00,1104.0
2026-03-20,5,20:00,down,13,13.00,1.54,1.54,1.55,13.00,13.00,135.0
2026-03-20,5,20:00,up,8,38.00,36.70,37.38,37.99,37.99,38.00,1091.0
2026-03-21,0,00:00,down,13,5.50,1.46,1.46,1.46,1.70,4.80,281.0
2026-03-21,0,00:00,up,10,38.00,35.40,36.25,37.45,37.99,37.99,693.0
2026-03-21,1,04:00,down,13,1.70,1.46,1.47,1.47,1.70,1.70,140.0
2026-03-21,1,04:00,up,5,38.00,37.70,37.99,37.99,37.99,38.00,716.0
2026-03-21,2,08:00,down,20,12.00,2.87,3.00,7.04,10.67,12.00,182.0
2026-03-21,2,08:00,up,10,38.00,36.00,36.23,36.40,36.48,36.83,957.0
2026-03-21,3,12:00,down,21,12.00,8.88,10.00,10.15,10.23,12.00,198.0
2026-03-21,3,12:00,up,2,37.00,36.64,36.70,36.80,36.90,36.96,160.0
2026-03-21,4,16:00,down,20,2.98,1.46,1.70,1.70,2.00,2.98,224.0
2026-03-21,4,16:00,up,9,38.00,36.80,37.50,37.99,37.99,38.00,1303.0
2026-03-21,5,20:00,down,8,1.70,1.45,1.45,1.45,1.70,1.70,40.0
2026-03-21,5,20:00,up,8,38.00,36.70,37.38,37.99,37.99,38.00,1091.0
2026-03-22,0,00:00,down,11,5.50,1.46,1.46,1.46,1.70,5.50,165.0
2026-03-22,0,00:00,up,10,38.00,35.40,36.25,37.45,37.99,37.99,693.0
2026-03-22,1,04:00,down,9,1.70,1.46,1.47,1.47,1.70,1.70,84.0
2026-03-22,1,04:00,up,5,38.00,37.70,37.99,37.99,37.99,38.00,716.0
2026-03-22,2,08:00,down,18,12.00,2.61,3.21,7.04,10.22,12.00,162.0
2026-03-22,2,08:00,up,11,38.00,36.00,36.25,36.40,36.60,36.80,1057.0
2026-03-22,3,12:00,down,18,12.00,8.88,10.00,10.15,10.23,10.76,139.0
2026-03-22,3,12:00,up,2,37.00,36.64,36.70,36.80,36.90,36.96,160.0
2026-03-22,4,16:00,down,20,2.98,1.46,1.46,1.70,2.00,2.98,195.0
2026-03-22,4,16:00,up,10,38.00,36.81,37.12,37.95,37.99,38.00,1403.0
2026-03-22,5,20:00,down,6,1.45,1.45,1.45,1.45,1.45,1.45,16.0
2026-03-22,5,20:00,up,8,38.00,36.70,37.38,37.99,37.99,38.00,1091.0
2026-03-23,0,00:00,down,11,5.50,1.46,1.46,1.46,3.75,5.50,321.0
2026-03-23,0,00:00,up,10,38.00,35.40,36.25,37.45,37.99,37.99,693.0
2026-03-23,1,04:00,down,4,5.50,1.47,1.47,1.58,2.65,4.36,118.0
2026-03-23,1,04:00,up,3,38.00,36.30,36.75,37.50,37.75,37.90,533.0
2026-03-23,2,08:00,down,10,12.00,2.87,3.21,7.04,10.22,12.00,47.0
2026-03-23,2,08:00,up,15,38.00,36.00,36.25,36.40,37.75,37.99,1102.0
2026-03-23,3,12:00,down,15,12.00,8.88,9.44,10.15,10.23,10.23,139.0
2026-03-23,3,12:00,up,2,37.00,36.10,36.25,36.50,36.75,36.90,83.0
2026-03-23,4,16:00,down,12,2.98,1.48,1.70,1.85,2.25,2.98,133.0
2026-03-23,4,16:00,up,9,38.00,36.80,37.50,37.99,37.99,38.00,1303.0
2026-03-23,5,20:00,down,3,1.70,1.45,1.45,1.45,1.57,1.65,6.0
2026-03-23,5,20:00,up,8,38.00,36.70,37.38,37.99,37.99,38.00,1091.0
2026-03-24,0,00:00,down,20,15.99,1.22,1.27,1.70,13.00,15.99,388.0
2026-03-24,0,00:00,up,9,38.00,34.80,36.00,37.00,37.99,37.99,701.0
2026-03-24,1,04:00,down,15,15.99,1.29,1.30,1.70,1.90,13.00,301.0
2026-03-24,1,04:00,up,4,38.00,36.45,37.12,37.50,37.62,37.85,546.0
2026-03-24,2,08:00,down,26,13.00,1.46,1.70,5.13,6.53,10.00,214.0
2026-03-24,2,08:00,up,12,38.00,35.64,36.00,36.00,37.99,37.99,1083.0
2026-03-24,3,12:00,down,16,13.00,5.13,5.13,6.06,7.00,13.00,88.0
2026-03-24,3,12:00,up,7,37.99,35.92,36.50,37.50,37.99,37.99,433.0
2026-03-24,4,16:00,down,16,2.80,1.29,1.52,1.63,1.70,2.00,249.0
2026-03-24,4,16:00,up,5,38.00,36.40,37.00,37.50,38.00,38.00,1079.0
2026-03-24,5,20:00,down,8,1.70,1.28,1.28,1.28,1.70,1.70,28.0
2026-03-24,5,20:00,up,8,38.00,36.70,37.38,37.99,37.99,38.00,1094.0
2026-03-25,0,00:00,down,12,2.00,1.27,1.31,1.47,2.00,2.00,324.0
2026-03-25,0,00:00,up,10,38.00,35.40,36.25,37.45,37.99,37.99,708.0
2026-03-25,1,04:00,down,10,9.00,1.27,1.28,1.45,1.60,2.70,138.0
2026-03-25,1,04:00,up,3,38.00,37.50,37.50,37.50,37.75,37.90,530.0
2026-03-25,2,08:00,down,19,15.99,1.60,2.20,7.38,10.00,15.99,273.0
2026-03-25,2,08:00,up,12,38.00,36.00,36.38,36.50,37.99,37.99,1003.0
2026-03-25,3,12:00,down,10,15.99,7.38,7.38,10.00,10.00,10.60,129.0
2026-03-25,3,12:00,up,3,37.50,35.88,36.30,37.00,37.25,37.40,207.0
2026-03-25,4,16:00,down,14,9.00,1.13,1.40,1.40,2.00,2.00,235.0
2026-03-25,4,16:00,up,7,38.00,36.42,36.85,37.50,37.95,38.00,1204.0
2026-03-25,5,20:00,down,3,1.40,1.18,1.26,1.40,1.40,1.40,8.0
2026-03-25,5,20:00,up,8,38.00,36.70,37.38,37.99,37.99,38.00,1076.0
2026-03-26,0,00:00,down,0,,,,,,,0
2026-03-26,0,00:00,up,0,,,,,,,0
2026-03-26,1,04:00,down,0,,,,,,,0
2026-03-26,1,04:00,up,0,,,,,,,0
2026-03-26,2,08:00,down,0,,,,,,,0
2026-03-26,2,08:00,up,0,,,,,,,0
2026-03-26,3,12:00,down,0,,,,,,,0
2026-03-26,3,12:00,up,0,,,,,,,0
2026-03-26,4,16:00,down,0,,,,,,,0
2026-03-26,4,16:00,up,0,,,,,,,0
2026-03-26,5,20:00,down,0,,,,,,,0
2026-03-26,5,20:00,up,0,,,,,,,0
2026-03-27,0,00:00,down,17,3.35,1.36,1.36,1.37,1.75,3.35,337.0
2026-03-27,0,00:00,up,10,38.00,35.40,36.25,37.45,37.99,37.99,693.0
2026-03-27,1,04:00,down,18,9.00,1.46,1.53,1.54,1.60,3.35,167.0
2026-03-27,1,04:00,up,3,38.00,37.50,37.50,37.50,37.75,37.90,530.0
2026-03-27,2,08:00,down,25,15.99,1.76,3.45,4.12,11.24,13.00,436.0
2026-03-27,2,08:00,up,13,38.00,36.00,36.00,36.40,37.99,37.99,987.0
2026-03-27,3,12:00,down,9,13.00,11.01,11.01,11.01,11.01,13.00,70.0
2026-03-27,3,12:00,up,4,37.91,36.65,36.88,37.25,37.60,37.79,202.0
2026-03-27,4,16:00,down,24,9.00,1.20,1.27,1.40,1.80,3.18,555.0
2026-03-27,4,16:00,up,8,38.00,36.70,37.38,37.99,37.99,38.00,1278.0
2026-03-27,5,20:00,down,13,1.40,1.16,1.16,1.18,1.18,1.28,264.0
2026-03-27,5,20:00,up,8,38.00,36.70,37.38,37.99,37.99,38.00,1091.0
2026-03-28,0,00:00,down,19,3.50,1.19,1.19,1.20,1.30,1.60,379.0
2026-03-28,0,00:00,up,10,38.00,35.40,36.25,37.45,37.99,37.99,693.0
2026-03-28,1,04:00,down,14,1.60,1.27,1.27,1.30,1.30,1.51,265.0
2026-03-28,1,04:00,up,2,38.00,37.55,37.62,37.75,37.88,37.95,517.0
2026-03-28,2,08:00,down,25,15.99,0.30,1.40,4.20,10.62,13.00,463.0
2026-03-28,2,08:00,up,9,38.00,35.40,35.60,36.00,36.40,36.72,775.0
2026-03-28,3,12:00,down,14,13.00,10.49,10.49,11.75,13.00,13.00,101.0
2026-03-28,3,12:00,up,2,37.00,36.10,36.25,36.50,36.75,36.90,160.0
2026-03-28,4,16:00,down,30,3.30,1.02,1.10,1.30,1.40,1.80,512.0
2026-03-28,4,16:00,up,10,38.00,36.90,37.50,37.95,37.99,38.00,1320.0
2026-03-28,5,20:00,down,10,1.20,0.97,0.97,0.97,0.99,1.11,223.0
2026-03-28,5,20:00,up,8,38.00,36.70,37.38,37.99,37.99,38.00,1091.0
2026-03-29,0,00:00,down,0,,,,,,,0
2026-03-29,0,00:00,up,0,,,,,,,0
2026-03-29,1,04:00,down,0,,,,,,,0
2026-03-29,1,04:00,up,0,,,,,,,0
2026-03-29,2,08:00,down,0,,,,,,,0
2026-03-29,2,08:00,up,0,,,,,,,0
2026-03-29,3,12:00,down,0,,,,,,,0
2026-03-29,3,12:00,up,0,,,,,,,0
2026-03-29,4,16:00,down,0,,,,,,,0
2026-03-29,4,16:00,up,0,,,,,,,0
2026-03-29,5,20:00,down,0,,,,,,,0
2026-03-29,5,20:00,up,0,,,,,,,0
2026-03-30,0,00:00,down,18,3.50,1.19,1.20,1.29,1.30,1.60,444.0
2026-03-30,0,00:00,up,10,38.00,35.40,36.25,37.45,37.99,37.99,693.0
2026-03-30,1,04:00,down,15,9.00,1.27,1.27,1.30,1.30,1.60,371.0
2026-03-30,1,04:00,up,3,38.00,37.50,37.50,37.50,37.75,37.90,530.0
2026-03-30,2,08:00,down,28,15.99,1.07,2.00,9.98,11.21,13.24,651.0
2026-03-30,2,08:00,up,12,38.00,35.50,35.88,36.40,37.99,37.99,887.0
2026-03-30,3,12:00,down,12,13.00,10.49,10.49,11.75,13.00,13.00,91.0
2026-03-30,3,12:00,up,3,37.00,35.68,35.80,36.00,36.50,36.80,260.0
2026-03-30,4,16:00,down,27,10.00,1.02,1.10,1.30,1.40,10.00,494.0
2026-03-30,4,16:00,up,10,38.00,36.90,37.50,37.95,37.99,38.00,1320.0
2026-03-30,5,20:00,down,14,1.40,0.97,0.97,1.00,1.08,1.34,237.0
2026-03-30,5,20:00,up,8,38.00,36.70,37.38,37.99,37.99,38.00,1091.0
2026-03-31,0,00:00,down,20,16.00,0.98,1.08,1.18,1.30,15.99,544.0
2026-03-31,0,00:00,up,10,38.00,35.40,36.25,37.45,37.99,37.99,668.0
2026-03-31,1,04:00,down,22,15.99,1.08,1.17,1.20,1.30,1.30,488.0
2026-03-31,1,04:00,up,3,38.00,37.50,37.50,37.50,37.75,37.90,530.0
2026-03-31,2,08:00,down,28,15.99,0.81,1.13,9.55,12.00,14.00,434.0
2026-03-31,2,08:00,up,8,38.00,35.50,35.88,37.25,37.99,37.99,639.0
2026-03-31,3,12:00,down,15,15.99,11.03,11.03,14.00,14.00,14.00,261.0
2026-03-31,3,12:00,up,1,37.00,37.00,37.00,37.00,37.00,37.00,35.0
2026-03-31,4,16:00,down,19,9.00,1.09,1.10,1.20,1.84,2.46,341.0
2026-03-31,4,16:00,up,9,38.00,35.78,37.00,37.50,37.91,38.00,1191.0
2026-03-31,5,20:00,down,7,499.00,0.96,1.00,1.00,1.00,200.20,213.0
2026-03-31,5,20:00,up,11,499.00,37.00,37.75,37.99,268.50,499.00,1290.0
2026-04-01,0,00:00,down,11,499.00,0.86,0.90,0.90,7.57,16.00,226.0
2026-04-01,0,00:00,up,10,38.00,35.90,36.25,37.45,37.99,37.99,711.0
2026-04-01,1,04:00,down,9,9.00,0.90,0.97,1.06,1.06,2.66,20.0
2026-04-01,1,04:00,up,3,38.00,37.50,37.50,37.50,37.75,37.90,530.0
2026-04-01,2,08:00,down,13,10.38,0.90,8.00,8.00,10.35,10.35,41.0
2026-04-01,2,08:00,up,7,38.00,35.80,36.25,37.99,37.99,37.99,653.0
2026-04-01,3,12:00,down,9,10.49,10.49,10.49,10.49,10.49,10.49,33.0
2026-04-01,3,12:00,up,2,37.00,35.65,35.88,36.25,36.62,36.85,77.0
2026-04-01,4,16:00,down,22,14.00,0.88,0.90,0.90,2.00,13.50,70.0
2026-04-01,4,16:00,up,8,38.00,36.37,37.00,37.50,37.93,38.00,1233.0
2026-04-01,5,20:00,down,19,14.00,0.88,3.87,5.12,5.87,14.00,67.0
2026-04-01,5,20:00,up,7,38.00,36.60,37.50,37.99,38.00,38.00,1080.0
2026-04-02,0,00:00,down,0,,,,,,,0
2026-04-02,0,00:00,up,0,,,,,,,0
2026-04-02,1,04:00,down,0,,,,,,,0
2026-04-02,1,04:00,up,0,,,,,,,0
2026-04-02,2,08:00,down,0,,,,,,,0
2026-04-02,2,08:00,up,0,,,,,,,0
2026-04-02,3,12:00,down,0,,,,,,,0
2026-04-02,3,12:00,up,0,,,,,,,0
2026-04-02,4,16:00,down,0,,,,,,,0
2026-04-02,4,16:00,up,0,,,,,,,0
2026-04-02,5,20:00,down,0,,,,,,,0
2026-04-02,5,20:00,up,0,,,,,,,0
2026-04-03,0,00:00,down,0,,,,,,,0
2026-04-03,0,00:00,up,0,,,,,,,0
2026-04-03,1,04:00,down,0,,,,,,,0
2026-04-03,1,04:00,up,0,,,,,,,0
2026-04-03,2,08:00,down,0,,,,,,,0
2026-04-03,2,08:00,up,0,,,,,,,0
2026-04-03,3,12:00,down,0,,,,,,,0
2026-04-03,3,12:00,up,0,,,,,,,0
2026-04-03,4,16:00,down,0,,,,,,,0
2026-04-03,4,16:00,up,0,,,,,,,0
2026-04-03,5,20:00,down,0,,,,,,,0
2026-04-03,5,20:00,up,0,,,,,,,0
2026-04-04,0,00:00,down,20,497.80,91.50,97.12,125.00,130.56,228.60,384.0
2026-04-04,0,00:00,up,9,38.00,35.80,36.00,37.90,37.99,37.99,688.0
2026-04-04,1,04:00,down,16,180.00,17.00,92.33,113.80,125.00,136.12,73.0
2026-04-04,1,04:00,up,5,38.00,37.50,37.50,37.99,37.99,38.00,650.0
2026-04-04,2,08:00,down,25,125.00,17.00,63.00,95.67,125.00,125.00,216.0
2026-04-04,2,08:00,up,6,38.00,35.50,36.12,37.99,37.99,38.00,587.0
2026-04-04,3,12:00,down,13,399.00,249.31,249.31,399.00,399.00,399.00,65.0
2026-04-04,4,16:00,down,18,399.00,17.00,28.97,79.86,125.00,238.70,286.0
2026-04-04,4,16:00,up,5,38.00,37.20,37.50,37.50,38.00,38.00,1088.0
2026-04-04,5,20:00,down,11,125.00,63.63,65.37,78.00,84.14,125.00,49.0
2026-04-04,5,20:00,up,7,38.00,36.60,37.50,37.99,38.00,38.00,1082.0
2026-04-05,0,00:00,down,17,497.80,91.50,99.00,125.00,147.25,315.00,375.0
2026-04-05,0,00:00,up,9,38.00,35.80,36.00,37.90,37.99,37.99,705.0
2026-04-05,1,04:00,down,10,180.00,111.65,125.00,125.00,125.00,150.52,45.0
2026-04-05,1,04:00,up,5,38.00,37.50,37.50,37.99,37.99,38.00,650.0
2026-04-05,2,08:00,down,12,125.00,64.61,91.54,125.00,125.00,125.00,145.0
2026-04-05,2,08:00,up,6,38.00,35.50,36.12,37.99,37.99,38.00,600.0
2026-04-05,3,12:00,down,9,399.00,249.31,249.31,399.00,399.00,399.00,43.0
2026-04-05,4,16:00,down,11,399.00,64.88,102.43,125.00,209.66,399.00,232.0
2026-04-05,4,16:00,up,5,38.00,37.20,37.50,37.50,38.00,38.00,1088.0
2026-04-05,5,20:00,up,7,38.00,36.60,37.50,37.99,38.00,38.00,1095.0
